V1,V2,V3,V4,V5
C,1,986.1752371797551,184.25891731162403,2224.6380504534845
C,1,994.1302763421426,,2570.213100597677
A,1,985.7826215680857,196.89358059555576,2309.238831701194
A,1,1029.4648869095204,192.06324726064537,2349.2592329647255
A,1,1004.3570920139119,,2474.0363574246753
B,1,1041.1986158354148,,2426.222729426418
C,0,999.8457009876729,210.62957109421998,2485.409016282307
B,1,988.8333330847386,188.13156682754757,2300.9916717530123
C,1,1003.7500191179341,196.53478424848566,2415.3665246842875
A,1,990.4708845119778,188.46872988030944,2265.3137826371244
B,1,1022.1897198350052,202.64063271243919,2464.6022456565156
C,0,993.5125709222638,195.90856968141458,2256.670080050187
B,1,969.3349237874778,191.8895081723042,2338.294038186247
C,0,1021.132295399947,202.5543373665829,2445.9750748307656
A,1,995.2268858836176,189.41011666647452,2274.5708062556023
C,1,1028.081807378569,,2682.6272891327544
C,0,,197.14324330321085,2318.326860350796
B,1,1010.5040734960457,178.4406275634932,2099.373266388499
A,1,1031.3391813558849,203.374574422007,2440.714301008308
A,0,995.6609653386812,199.65889839440567,2345.1300201836766
C,,1014.9554250806708,199.45596820058728,2381.526738297755
C,0,990.1266792405297,195.7456231656209,2306.53727401707
C,1,959.4413941838865,192.26342858455362,2314.115128949804
C,0,1002.102372751245,,2620.85873622659
C,1,997.9266402471961,202.16448122727098,
A,1,995.3673447254085,200.1164409931507,2380.0098829595017
C,0,987.7979569616034,,2513.722213471887
C,1,973.3951821106863,191.1220058252919,2296.212388227357
C,1,1021.4245555563595,199.85746405592923,2350.7242108175874
C,,1003.1405774750516,,
C,1,1016.500012839037,,2577.265173869203
B,0,1016.6214339401215,197.3955074088156,2411.231547020564
C,1,1004.2105672246446,,2421.8292964218836
C,1,985.3060594697314,196.5624619265535,2334.729116327837
A,,962.0406843353081,200.7046875519306,2370.883951943597
A,0,966.5943283520193,218.8215977275606,2619.4597028439616
A,0,990.3866666365282,193.28290104551218,2386.9978966583367
A,1,971.4049792275799,199.21780757265032,2404.222467202543
C,1,1018.6285155457595,195.51681725794285,2388.6531424680334
A,1,958.1591003636037,207.71192698888305,2464.18944704933
C,1,,186.99974040523315,2224.5854957538545
A,1,976.7071563283356,183.58882204573945,2268.233633367474
C,1,,193.11514295856486,2290.8070020684495
B,1,916.8282473135864,,2656.5077321417994
C,,1008.2960984428121,,2585.7913239366176
A,1,1009.7674629369347,,2582.1578122546052
A,0,994.9502813905227,201.50295070759077,2412.3203719202684
A,0,977.4874921527241,200.5565354708309,2373.9494492148606
B,0,1038.5969149313692,,2542.7756187074665
B,0,1001.4470137613566,196.13352892008513,2377.5218083619666
B,0,1033.260439455415,209.76089433912543,2457.9534264754343
B,1,1001.7401827890767,202.36419485746015,2441.1540507324876
C,1,1008.1280276336396,,2734.1954015371566
C,0,,203.16200045344073,2440.09764194597
B,1,991.3294166308805,,2478.778431945571
B,1,1008.9436731839735,205.00357504286563,2479.9654402998735
A,0,1038.812835841854,183.55496728627892,2245.7640318686495
A,0,984.8885414601078,,2475.5541609774746
A,1,,194.2223199273373,2340.115862813998
B,1,965.2378207773688,198.41207105776957,2396.2207311941147
B,0,1013.5742311011452,210.49249195453865,2603.0513526147024
B,1,973.5623717299383,194.45951467740565,2348.8608399018312
A,0,1020.4462647963238,203.97691500737113,2462.8178112229043
A,1,1009.1027154620454,189.86023187429834,2288.471878403384
B,0,1000.5178520855718,212.43150039309592,2569.5801483789915
A,0,996.5615367623462,206.49881816176108,2460.922348295445
A,0,994.1464750217567,201.37874942919373,2427.1428333108197
C,0,1019.8300461813056,214.5594386257616,2611.571496829392
C,1,,,
A,0,1024.0276078154395,176.35100749922015,2102.235185331183
A,1,996.3508897264978,171.8073150936406,2078.922344962814
B,0,1009.8043211072179,,2716.398830910802
B,1,1016.8191314731964,197.94503086721326,2366.2555609865612
A,1,1001.4841898658575,200.45736871693364,2336.1680763530467
B,0,1082.7670014561936,197.39837200660898,2362.8446200191534
C,1,1020.599855288433,205.37586258933587,2396.6288031183003
B,0,996.9131538418518,213.3551673294589,2622.5026791327905
B,0,1014.9962115163477,203.09812874061006,2510.9718384944963
A,0,1003.0670826550934,202.08213529046333,2421.8474138104916
B,1,1017.8864401245622,185.0415765742413,2174.7826375586455
C,0,1049.2839146655629,211.4032375455525,2532.976780941708
A,1,991.7857882500873,192.4529682140098,2252.523763577768
A,1,976.5235658325621,186.76035962709616,
B,1,958.0322563987622,,2364.2760937882585
B,0,998.238073727997,194.1359433166506,2298.7211385937344
A,1,1031.8956725204703,,2608.7580993022534
B,0,1006.2957261577678,,2484.929246846339
B,0,997.8190888240069,198.8295478861245,2365.7371455938237
B,1,981.3951534358097,,2412.111049767135
B,1,1002.8766561761423,190.99179765449927,
C,1,976.9979852228263,195.94181554938638,2456.9503848107406
A,1,1005.2946794440325,180.37395323697635,2160.3019658363205
A,0,973.1026931534075,,2616.0676681235336
C,1,1000.5234174486375,179.69515306334958,2163.087843940826
C,1,1029.997716843249,187.83788935164412,2244.4560127299424
A,,1005.0499447084087,,2473.818952870116
A,1,1038.46839984818,197.535683910952,2396.8159897943024
A,0,1000.7515013963713,194.48976659975,2381.419696164424
C,,1015.3169372841387,186.4449660227589,2329.8041555274713
A,,1004.9437478419779,213.4870374616709,2531.344442102933
B,1,1022.4364993370449,196.4815725474453,2417.899609620744
B,0,1011.107139061982,,2564.073088737438
C,0,,,2461.184805080019
C,0,1017.9669321030217,,2398.8081564956456
A,1,990.5253052947713,,
A,,1014.0510284397537,,2389.0879384031623
A,1,1022.228057947211,206.99222019551556,2428.518800888175
C,1,,207.7846464667609,2466.164326406154
A,1,1009.7920716080059,,2387.060919252316
B,0,990.6151699201963,,2464.9064020943865
A,1,949.9980826047399,205.12940092352616,2441.257754295805
C,1,,,2591.907238932583
B,1,998.4578366136659,186.54952101851396,2316.213720384024
A,0,1004.7240248766853,202.69153712752325,2455.635376144603
A,0,1013.6815450877704,191.7285825477071,2288.321055723762
A,1,979.8008753347076,,2530.7556352681418
B,1,1007.341444262702,,2464.0657570146227
A,0,1012.680665100758,201.15720008458462,2381.917593276629
A,,981.9427986233901,187.41333955386287,2321.477094069596
C,0,985.0063691792581,216.14307971767855,2528.2699159759254
B,1,1017.1834013725738,198.70617628951126,2378.821003610389
C,0,1037.0212262312273,,2502.1059128539637
C,0,998.9518214218778,,2654.4995749021587
A,,958.4898789804487,188.56394792632514,2258.6572268752398
A,1,994.6386812436428,185.54306726751966,2201.668803919541
C,1,1005.90978617147,,2462.8484134013593
C,0,1022.7445893255208,,2325.371525442959
B,1,1025.2551295949274,208.88464060668818,2466.009544316322
C,0,986.556415300434,206.6437969203957,2490.9602409868357
A,1,979.07668862962,198.56857798072508,2371.3604922278055
C,1,1003.3231013796627,208.2445297421969,2531.348862735394
A,0,975.7166948486064,,2447.3252675424174
C,1,979.3474660651354,,2623.8536793404446
C,1,1021.1811264185453,196.28588523893183,
B,0,1023.5884391386846,199.7072056763322,2400.0278132717444
A,1,983.3704958478958,201.40740229691676,2484.814811047581
A,1,973.216644587524,196.4271779435705,2379.3934545213397
A,1,,,2417.5130144604373
B,1,985.3308024853636,196.1851933069593,
A,,1003.4758131700428,208.625737778042,2466.440874433153
C,1,976.8080207535309,,2471.163966767065
A,1,974.320773109547,201.84074132286813,
C,0,,191.28257456576034,2345.871492056171
A,1,982.2586452649381,194.50430931947704,2383.7345559805467
B,0,992.9425924877717,194.7029146536609,2335.5080704083593
C,1,988.1059451652399,187.88649224885873,2291.839056331047
B,1,981.0193664591784,194.99047867138765,2305.1803133952426
C,0,1018.3629729723624,205.86198165250215,2460.286958281076
A,1,993.6863529440117,,2508.9064333687115
B,1,1008.1885931060403,,2829.4370733656892
C,0,1003.8177564832946,189.25260626884568,2236.5345994739523
C,0,995.2977264832814,195.84888386574247,2361.8118364434426
B,,1007.9580183444928,196.30564166404633,2366.2065222772626
C,1,1014.7013178054945,190.50560834498128,2309.863662453693
B,1,986.9314536772737,,2458.7436791582213
C,,1002.5636825254047,199.906861461032,2364.26224801354
C,,1012.9343943202864,,2455.6862798161364
A,1,984.5788882416269,,2534.1766853581157
A,0,989.9743276389307,205.8939466489267,
A,1,1043.795454036778,191.69498565906412,2272.125940626506
A,0,987.67536857872,,2506.3935578766364
A,,988.9122134376759,,2329.6578061390287
C,0,999.2113156774095,,2509.440859292291
C,1,1005.1304910539135,196.08852132445188,2328.746385304396
A,1,1018.4662959023294,206.07747039061638,2501.9106070605762
A,1,,,2457.3824062558006
C,1,988.8670519467619,189.79964077324072,2276.975261856571
C,1,989.3449966237584,202.93793205536505,
B,0,1003.8300029029051,208.03067877646222,2516.233670021154
A,1,998.6783815149894,,2349.5037600379096
A,0,1025.9391226614875,,2499.79548125982
C,0,986.1798330516065,200.2688407183674,2407.6676254169774
B,0,999.781985250359,205.1046760918028,2462.2878861724816
B,0,1007.680514736897,200.85750393367525,2384.0542138562328
A,0,1019.7380640102606,,2640.9375099150593
A,0,1014.8248198315832,205.41105985375472,2443.037547597901
C,,1004.8893078861028,,2481.001792594334
B,0,979.699586706651,199.63761422244403,
A,1,982.5458854216677,191.38550218370898,2270.1652214368264
C,,,182.5316832756654,2243.437244412645
A,0,971.7398977415421,,2368.8465332463006
B,1,973.3872337080397,,2416.9099333932554
A,1,972.7812080654173,207.23763259459315,2461.99704168073
A,0,1032.5280105638599,182.5567337464007,2194.6967698563253
C,0,1014.3831371448885,196.96404124276984,2309.2245103684645
B,1,1021.7350044174616,180.0096951116352,2199.853227644102
B,,1025.5002914021102,201.60798355246027,2414.0785007272843
A,0,1001.5748168862198,202.25501449601344,2315.7429090713663
C,0,1021.2254618452776,,2469.338191463231
C,1,992.5041563699916,196.6539992819377,2271.637463611043
B,0,937.1405322250553,192.2423012856307,2268.7830523598855
B,0,1023.6022461756921,205.01171601584326,
C,1,977.0259928623218,,2360.3758813357645
C,1,1032.1507088083301,207.8005204588657,2522.9629308408425
B,1,991.553657686805,,2630.68300094328
A,1,1001.2726747120934,189.80139472059236,2341.74290143135
B,1,960.9498097215404,188.8819427942922,2285.316645631599
A,0,996.3145728956472,185.6673490002312,2224.254455304149
B,0,1021.8752663368763,181.11112542476008,2176.7907083907853
A,0,995.8967744216976,198.44999497439792,2425.236226092581
B,1,987.896741471174,208.4969960410767,2467.4812267438183
B,1,988.6365624243501,200.44709489085395,2377.9228675582835
A,1,1000.8983545000852,206.9569026232797,2405.7095940931904
A,0,992.3482720067265,219.22029008222023,2582.233300629521
C,0,996.4723064227446,202.15829176549371,2398.3388088520283
B,0,980.7224189717215,192.7669959613151,2297.4350610579804
A,0,998.7283331841022,206.42779928306334,2492.8818812155264
B,1,1011.3478646101904,195.23870188350236,2373.214793906181
A,0,1001.0482737762045,191.22130946869265,2334.8377114708
B,1,989.0716858735987,205.2802886049194,2429.486048344917
A,1,998.8055715327253,191.59389919312758,2270.2138488835653
C,0,1017.8714334591108,183.60274239966574,
B,1,991.9827205726457,201.6963526457275,2407.2850808677267
C,1,1026.138552215539,,2424.1525281361974
A,1,1000.1602551603219,213.98565859700187,
A,1,1020.480170842744,201.41018973283164,2417.686360757979
C,1,978.1973764429032,,
A,0,1054.5432796688256,181.669370462552,2275.9953148715595
C,,1012.5005740327986,206.33022780042617,2411.9228710008288
A,0,1014.406877851848,197.53450784133977,2408.410687441471
C,1,986.6664474472661,194.6282980307026,2345.816189585219
B,0,974.9345863572056,184.82456033333682,2252.7190431193935
B,0,996.2152481025845,198.76085459600878,2343.249956557346
B,0,1010.9117914951979,,2708.906467972596
A,1,1003.5410363332709,191.23807543665873,2269.8353695947226
A,0,985.9750349826713,196.60857447401418,2381.833843698754
A,1,990.8846249300392,211.01647965935217,
A,1,983.989527259327,185.32892976717773,2259.0488180636985
C,0,,205.2629923018063,2504.79104905936
C,0,991.3501894691273,184.89897424890904,
C,0,1009.3689142617487,203.3280320448238,2330.946958928282
A,0,951.9813068224914,194.04458890837006,2277.033220197218
B,0,990.210404781839,210.74795210315213,2538.4819659862624
C,,987.9210014986775,,2454.083309216489
C,0,1001.98560818136,194.79202212751065,2372.803603526298
C,0,1005.6091788519751,197.95480040152455,2352.724246371788
C,1,,,2489.289284860406
C,0,1030.8745478223634,204.93483952510587,
C,1,1046.9617928667985,206.99734366358217,2461.6306918748523
C,,,180.19826887322253,
B,0,1001.3460969389612,197.60371380519206,2343.902093277843
C,0,1000.4987738905041,166.65430302552943,2071.3689812832567
B,1,1052.8866294299928,196.89797990331996,2321.6950934709535
A,0,978.3218623825622,190.37842583887698,2264.4427239812044
B,0,983.5925289178517,204.62571877623205,2438.324905649629
B,0,1007.2903375999238,193.1035584404595,2275.854148423485
C,,,193.21970138407775,2325.686258724136
C,0,1043.3514636096547,214.42498799407568,2552.3065287196405
C,0,984.5853295272171,204.60625806470603,2437.1518164563204
B,1,944.5832918613291,,2395.5902701067007
C,0,1013.045174265711,,2312.82683338605
A,0,987.6249394356554,182.55031807814714,2213.322433169186
C,,1003.9140793248927,,
B,0,1030.4550105103742,192.47684456158856,2405.1688445292402
C,0,962.3791509970154,192.21538249463163,2251.7010825047564
B,0,990.6644781424077,194.61414369110707,2299.5807551160597
A,1,1021.0848251862892,193.85827123141692,2382.8094905405364
B,1,996.4842773188798,,2558.3796976223334
B,0,974.5216717329433,186.40693702758048,2275.170187989572
C,0,1034.7789039166694,191.90827777045342,2372.2033155907266
C,0,1042.0935960335014,191.0587458499866,2335.9776182505166
A,1,1010.0104711909305,208.6091567647109,2425.4908160242217
B,1,1006.6120901015647,199.36958116166008,2365.8235138104415
B,1,1018.4659449246859,196.9950360656839,2337.522025271946
C,1,1030.1702768648295,,2522.3173618626947
C,1,1000.7339861146381,199.66958542344938,2341.5857932960216
B,,959.1148391680671,,2544.743675636325
A,0,,197.00694010464318,2359.13314415228
C,0,1011.4076467697943,175.80834332567088,2097.118012759499
B,1,981.6643733383673,190.67249766964173,
A,1,994.6951465443433,196.31792958240416,2316.2511927389623
A,1,994.2296747972186,,2567.2081046771573
A,0,1020.7719633589221,204.0262807239188,2493.607459257167
C,1,1034.2476853637193,212.4189979633802,2545.5395183152928
B,1,990.9436003070163,,2497.6929151296686
C,0,1041.8902074150753,,2575.817807012986
C,1,980.7209531875682,,2584.6786992735
C,0,,208.18182511936786,2520.6011301544117
A,1,,198.93532920601004,2430.9979781063835
C,,980.1932203371161,210.30796234839804,2559.9060935683465
C,0,1029.8928926710453,196.12845490191842,2444.080154331067
C,0,978.4639186104806,,2527.987110966292
C,0,,,2398.1901675393333
B,1,1009.6494829831086,199.99994658693186,2392.630309041496
A,0,1022.7936966328931,177.6395346860445,2073.984749419978
B,0,1051.984416280914,,2806.8574561462383
A,1,945.1758324323132,,2420.581021442244
C,,993.5701853978181,,2436.3821249590337
A,0,985.2477349879656,,2637.974555446646
C,1,1005.6814282201129,,2509.6086131099473
B,0,965.6981417703608,207.66442243619596,2461.9522678592984
C,0,1012.9223918524159,,2651.781015657765
A,,1016.4387811723731,188.89013140617493,
C,,1029.0665101687334,200.146504703438,2358.051263216452
B,1,945.2023004299252,180.90365559723176,2089.1246137430467
B,0,1019.2256848975566,199.6086774672438,
B,0,1028.0471649705767,198.6553299487979,
C,1,997.6586427345851,,2514.9795089016884
C,1,1024.8089746312394,189.9033588222017,2284.219501093432
B,1,1006.5551346495964,185.33944114724736,2266.718749908874
A,1,1035.1132436595892,180.5591905010146,2157.1680309273374
B,1,992.4288146966339,202.3877439414622,2406.4417322728946
C,1,978.0437892551085,194.84441137954877,2372.9869892704323
C,0,986.7881025995948,199.19053511968374,2406.655876779166
A,0,994.3492109149529,183.21437547255852,2220.3401575750477
A,1,987.0256328697947,202.13215876289885,2385.520394480618
C,,1034.4076665126497,195.154456248974,2280.3969051228605
C,0,1014.333572712712,196.31641980303587,2294.909848120736
B,1,964.5783145978626,196.29878391809103,2361.132289081347
A,0,1001.4932738325359,198.82489448518317,2408.946878987385
A,1,1007.4173783917016,,2478.282130622898
C,0,963.2794527179577,182.9469522312539,2237.1643374470805
A,0,,195.10706826734767,2286.9407736126723
B,,1008.8667654263272,193.7832400145665,2283.0051459913443
C,0,993.644164685855,188.93734016494537,2253.8276322131646
B,1,1015.7742890488214,202.46586510811136,2423.251849599523
B,1,982.5712910998507,196.56669001361638,2337.8404461879527
B,0,1010.9944095413724,185.4543288837045,2203.9167018273183
A,1,1045.2286246278254,,2531.3399430122895
C,1,1015.7829790965799,,2486.2789437593146
B,0,985.308016344939,,2568.1341001524765
C,,1024.7622930986295,205.90597671560667,2458.0674837538445
B,1,997.4087754945567,195.92988634057653,2354.850468006288
B,1,996.9536969938907,,2559.9601915383123
B,1,992.0063539487815,,2682.8813661784584
C,1,1034.8672481217964,,2516.8313926812407
A,0,986.496349669987,,2623.5298153816325
C,1,1020.2523386215066,199.52252897100612,2434.3531005696805
A,1,976.2577779870069,,2409.7837912163914
A,1,1031.157043307704,187.30059097057324,2303.384539381056
C,1,991.7756048974677,200.6032731118305,2407.1757501097177
B,0,1001.9162225468593,184.4765252754701,2225.1565494538786
C,1,1046.042046514681,,2270.5528202019077
B,0,939.6715414565919,207.17876554538233,2475.4132884574333
B,0,1002.5149352462523,188.39978957711068,2305.384005689866
C,,,,2556.3687459583384
A,1,1036.4742742789,182.9704427684116,2175.7622781134382
A,1,1001.3256620689972,,2365.3856054155804
B,0,1007.1829222023058,198.04401412262868,2379.556453406437
B,,993.6043044313836,,2496.198014698897
A,0,963.433041358486,189.12767118410721,2272.9717997530397
B,,1009.8540261336356,,2340.116709167536
C,0,1019.036210078144,210.41828503298467,2494.782160922609
C,0,1007.1360359494996,175.63347202268457,2017.4209012420995
C,1,979.0371889198944,200.4982396323272,2407.6328862227915
B,1,980.455019424087,176.06718029229694,2137.7843094451846
A,1,1020.3358418468889,207.04771776124235,2430.3802347782885
B,0,975.3259883426075,,2277.008321450631
A,0,995.616730531036,185.8397047234481,2287.591684317441
C,0,1018.0036015147699,193.93125508646244,2378.5443000876658
A,0,959.0596404088335,194.7957429888075,2353.7460067672077
B,0,983.6356033706005,195.88698517472915,2369.9464231595716
A,0,972.1674671927794,193.3569634096325,2358.875784885851
C,,995.8256540276828,192.94343782011984,2314.778048472574
B,1,989.691119090352,202.8428440907,2446.0582868298056
B,0,948.3274525104439,198.3418306354626,2397.3230077281846
B,,1026.7330591698762,195.87209777025686,2354.4496390146046
B,0,1006.3077056169318,198.08374617061685,2373.5264194491783
B,,987.1876591639423,200.18600742619316,
A,0,977.4159772460096,,2495.913309999151
B,1,1038.3588865220556,196.97152517928276,2421.892547087244
B,1,1006.6130688841665,,2484.699831279491
C,0,1027.499362867896,,2638.622537161229
C,1,1010.4425585171513,,2314.952967505234
C,,983.2056277283673,205.5492686790984,2426.795552560698
B,0,1017.713188330072,186.07933457554213,2225.4800893969978
A,,1050.9162484673507,199.28157415219124,2371.86415318739
B,1,1055.3287393349935,179.83031241721773,2194.4487110253776
A,0,1005.3289669486462,211.11227534420416,2581.922292899994
C,1,978.300213063269,191.93178324220784,2306.9112188480767
A,0,1012.3623466442214,204.28435626226283,2445.7958428937386
C,0,975.9325366295226,197.26966839562786,
C,0,,188.0662983819266,2287.544025482377
B,1,1046.7449653405763,193.23385098913892,
C,0,989.5289782041787,190.13231295931382,2268.886105670821
B,,986.0721350748948,,2591.984136543858
C,1,959.7014377890254,201.17220295931853,
C,0,967.3963947434189,,2579.280336820108
C,,991.5770593226794,,2394.8819483042994
A,0,968.5198246159155,,2628.0543681673726
C,0,963.5465562834387,199.56369029471685,
C,1,984.9074943625507,,2513.804381234287
C,,1029.859269761952,200.95183256081233,2432.44995550921
B,0,964.6509863089749,,
B,0,972.045976026189,199.30604020632248,
A,1,1008.1492138238337,171.35782670789752,2092.758980581713
C,1,1011.5002224133748,,2282.6950439876364
C,,1003.3332344486078,185.4477692301083,2220.6617661707896
A,0,990.0573560978567,192.74158790773384,2294.056083574464
C,,1034.6644167577547,,2573.0985874097096
B,1,984.997544740012,,2460.4543597206743
B,0,956.6582669534366,179.36933245692404,2145.062308041045
C,1,1010.2199973569938,196.4653812415434,2344.9183258559774
B,0,993.8478059611236,212.28880610378792,2547.078865666074
C,1,1022.6461164091234,193.82343592633833,2300.1729517659755
B,0,1043.9432705854072,198.02521526959444,2372.1811388412298
A,0,980.145550909158,191.5714426759499,2293.559213898918
C,0,1014.968190255519,205.3160309600253,2397.6053480874016
C,0,1024.971600960737,197.60126128547532,2418.63168697981
B,1,1024.2251297235246,202.87170270591446,2471.214258021938
B,0,985.642185104054,206.63243164487517,2538.4001174245336
A,1,998.9517393004608,196.8581388948151,2385.121560585579
C,0,997.3825884658628,202.42625947257497,2375.1880582416134
C,1,998.9268270606361,198.31283247365826,2360.625149462782
A,1,968.122186152931,198.47679067692408,2395.359956499427
B,0,994.5240480646157,195.7947551539018,2410.159420421584
A,1,981.7492970573588,,2664.137262730007
A,0,1008.4864942906299,201.2215280574368,2375.112621969998
A,0,1026.4408642607527,197.27423683143766,
C,0,998.2172938276219,,2525.886306000155
C,0,1049.8491574210748,,2411.130373892558
A,0,1009.575214496677,199.11437800138782,2401.4395912091527
B,0,971.2138078471874,205.7917099159529,2509.3268470864277
A,0,996.5755425977914,195.38495445714176,2387.222445462031
B,0,1025.1808903476049,203.68042921246777,2397.7307575326768
B,1,984.3089428179264,172.4342126287618,2082.032525648419
A,0,1012.6341223953283,198.31274673988415,2403.285713513732
C,0,,196.19502546017054,2384.32426777275
B,0,989.2851336717508,,2745.7116936068887
C,1,994.1091616762511,192.7350279484342,2280.0216342312774
A,0,994.0919152244752,184.53965275667773,2255.6093432708803
B,0,1021.9377974430903,195.00610792817423,2320.9740612803107
A,0,1010.4327305821648,,2467.1895805202757
B,0,977.8200683029887,188.92745150753834,2241.153802484098
B,1,963.0459127447009,190.60110330886036,2277.442396129315
C,0,1005.6568095983265,193.8056258674059,2278.155442312226
B,1,996.086193438945,,2681.4264305844786
A,1,1019.8247679498313,194.02405199709986,2274.9420715144906
A,1,974.6334329232058,194.14565708672438,2350.282278733694
C,0,,189.78972168483722,2221.9802291705564
B,0,978.3468598273321,200.16893196760506,2396.0213019568396
A,1,1010.3525936983586,200.80281266891024,2445.346926828716
A,0,993.2044718418389,,2494.7379940382625
A,1,1008.4759370009986,,2261.4915517138265
B,1,955.1341858184725,201.99846449230628,2422.708458321885
B,1,992.583199763306,204.50823534722238,2441.835255413834
B,1,988.0096436293104,198.20824065425555,2406.633900504546
A,0,999.0619925436674,198.19580082719844,2395.849960978138
A,1,1026.209716460303,201.38380721037362,2390.7557889206446
B,1,1052.076482756488,,2357.9258941928806
C,0,1036.47498666832,,2627.077087568938
B,1,1017.9833669503038,197.50658327969916,2327.0080598142495
A,1,990.4299225100709,199.43696432919225,2390.823094403632
C,1,1007.7858969571637,186.15857153224536,2247.884864540502
A,1,988.4283530907916,193.93011043048983,2311.7180944212846
C,1,1002.713336855793,205.62360564361472,2472.496699461061
B,1,988.7581712902042,211.87201794931627,2520.4179208342866
B,1,1043.7874196212265,,2536.940312330054
C,0,970.4280401131659,,2390.4298355086808
C,0,983.1432825799916,,2516.058731092206
A,1,1015.0077598526004,182.13388673423242,2222.642961784187
B,1,987.0521904327508,209.8415064750861,2507.267761883566
A,,1004.8482106317846,202.11195857336648,2403.1871687098264
B,0,942.2212919419981,205.1376177708889,2470.5691438546187
B,0,1018.6476196871198,,2553.3406154311187
C,0,960.5963104509719,180.63673566804997,2168.864022908031
C,,1006.8022469728305,193.6911240781199,2256.883991223802
C,,990.9193870462786,183.76940316220816,2174.7515472423256
A,0,999.1328658499697,204.01054428352924,2463.3613419430358
A,1,967.6944047204591,187.9878025400434,2141.318273703322
B,0,1036.7808075732191,190.00453373086035,2288.0660791822047
A,,1016.0385004798177,,2416.4154334030695
A,1,986.7439311844014,200.1783122563008,2372.1820169816256
B,0,1029.6759104564326,189.58154421380107,2292.0204539334736
A,1,962.9557113234073,,2444.258195450992
B,0,960.9343113176398,217.17033905927102,2609.1078392291383
B,1,988.5563351806941,198.01106458088088,2361.0068698724904
C,1,986.8383519387506,190.34700921925003,2297.8705235532702
B,0,1024.0080551992182,198.17612335666527,2426.699554126728
C,1,983.4145313511501,194.14243002145884,2269.9949231440823
A,1,997.9813010640482,184.56231661984094,2248.264402211001
C,0,987.0842901694818,202.05674798288396,2406.9931397345445
A,0,969.8958007772846,192.72529067521182,2217.69449392958
A,1,1006.8937772544381,184.70198232597886,2231.1662281625886
B,0,1006.1285496183011,,2429.7345880752764
A,0,995.1699007428649,189.36911617016113,2242.436971489318
B,0,1001.7608471030552,212.370310135923,2506.9699183891075
A,,991.0966017340878,183.28453512688324,2207.9383315609725
B,1,1019.9702577296002,,2527.25453664014
B,0,1049.5540833609075,192.22144823914223,2297.701399698695
C,1,988.6024806862163,202.4212624876656,2402.0591654412333
A,0,1003.7911773065921,190.131893502465,2183.2895496876663
B,0,962.3239936224101,184.54234073402955,2170.4572564395153
C,,1045.740496078983,196.72783907808508,
B,0,948.6638223618568,189.14437651798033,2291.470173061014
B,1,996.8443878965986,190.06026179442688,2326.932535175624
A,1,1021.8922232544363,185.8174729249749,
C,0,1029.6853437251812,182.65222157032585,2084.6952392345697
C,1,1038.656588080328,194.1937187794516,2328.8621780549893
B,0,1020.5092759072734,188.6483896099223,2229.923208441831
A,0,984.7771451050777,,2533.5645659971974
B,0,1018.1465581579426,,2500.2623607029054
C,0,,193.93178410336014,2401.0967734138626
C,0,996.9536809000329,206.7501106622378,2431.954889105568
C,0,951.3848555004957,183.33069706850253,2242.1478476874463
B,1,986.7911753296667,191.42949188531853,
B,1,994.2145240578932,196.11506850443135,
A,1,966.7771214298316,,2650.5897678131687
C,1,1010.4566602696964,209.21468903046542,2529.843433749931
C,1,998.3581904516428,190.13839188047115,2286.6502383514817
A,0,1016.0738560956277,194.55916067238695,2332.1692467715434
C,0,980.5523073777947,203.43149243581587,2419.4494596160744
B,,989.3937285562729,,2407.1835456947233
A,0,1006.3236481480552,193.8279262441986,2339.876549204014
B,0,979.6543546262839,206.37243431833897,2538.2018042853197
C,1,,199.68074017210898,
A,,999.9511771884652,,2583.957087187717
A,0,1016.2409044546997,201.9957271245576,2407.2586776167077
A,0,1005.454894314148,202.28498814030021,2465.8280460691476
C,0,999.22799185294,190.3750126664721,2267.8512846579447
A,0,1018.506292099715,190.8346383442448,2240.9265351301015
B,0,1014.0291049521857,189.71605416471147,2237.3607292928396
C,0,992.619029406255,191.72756880683932,2315.5146415007957
C,1,991.4737821952721,202.45328816938286,2468.3736935957363
C,1,1051.0324380097138,197.77067595002856,2495.2824387296546
A,,985.2443849382021,201.80837045243285,2421.1586368375156
A,0,986.7465147933589,202.82615419397516,2504.3035239794717
A,0,1014.2181398396526,207.11809504494815,
C,0,1009.1485286676059,198.28284416098543,2408.2560909944
C,0,996.6309731034175,176.74296350724129,2134.4721717939037
C,0,932.509861886871,196.69617283481608,2331.1300545274707
C,0,1001.9773273683143,191.29848262300808,2282.6594749290543
C,1,978.4524230818424,,2497.8341281354856
B,0,964.6355336059207,176.01177834628382,2084.2449502598197
B,1,981.948332490968,193.70278198673904,2340.0158185641108
B,0,1015.3826053133481,185.51584274611272,2186.3362015890166
B,1,972.5146968877534,,2399.944732656368
B,0,1000.4417880281757,183.24452219114377,2248.8645674828426
A,0,989.7465814569333,,2501.0775798966465
B,,978.4975977151679,216.17709936851756,2531.9313784590336
C,1,1013.3670489080574,,2763.307649258093
A,0,1020.341909866456,183.54584208628484,2147.5636172207355
C,0,,196.89422470838244,2323.764597760383
C,1,995.7785037666384,187.68720979073714,2203.633965137289
B,1,958.0744647405664,213.20991137472603,2521.197166230076
B,1,996.4619156588494,,2468.173284254488
C,1,1009.1533978535764,,
C,1,1040.8862918298555,,2334.7025371538666
B,0,1001.3925697958966,,2522.785985344381
A,0,,,2217.308761897526
C,1,998.1979596095538,198.72355617986014,2368.0553465248763
C,1,1015.1709977816371,201.658605291052,2368.2116597948498
A,0,1043.5306139243494,180.16630482333787,
B,0,991.1933525140761,,
C,0,1043.9963252685457,181.52754322334104,2142.676221220896
C,1,1012.3121375088493,201.91748112086117,2455.0878869089393
B,0,996.6344837550835,191.4073948563238,2252.5765100937006
A,0,1013.0239067077498,202.2502069344505,2410.975501758589
A,0,993.7576852157274,,2463.7963890790043
A,0,975.0918711293924,202.41846980897,2445.447036370719
B,,1023.3210473897018,180.32686971711604,2097.1159066405703
C,1,921.586322593919,200.22123640158344,2433.672368511293
B,1,974.6076762810408,,2457.8166887595376
C,1,1005.6007287572181,183.40529439682032,2225.5467944889
B,1,1011.1281720376268,196.35816749967518,
A,,975.9008696667554,208.33018589043917,2594.052338095202
A,1,1010.2993922308777,194.3741084157923,2370.924647982557
C,1,987.9219362750316,193.6215205244223,
B,0,977.2120095543833,179.11289215677968,2153.858055991533
A,1,1011.429713020455,191.3468658494536,
A,,1008.3190630781031,208.71389084378424,2532.377280412207
A,1,1010.1987090667606,202.01316260717047,2422.5895007435965
B,,1046.0989161750178,185.9973809173421,2280.188476921091
C,1,952.7249517516532,204.2435387141619,2436.28436075814
B,1,1000.0721852641174,200.09380252529428,2426.6837067513334
A,0,1007.193679308903,,2548.3579366356344
B,0,981.6298531319687,199.26317372395013,2336.5405992612436
B,1,1003.8039198333707,,2825.884989594614
B,0,970.0045463484885,,2346.0491089794746
B,,1056.6818476066728,202.22886828680942,2442.5317736540387
B,1,1018.806754135445,189.72585049791445,2267.572607304977
A,1,1017.6112721252258,182.0247555538553,2150.27951481397
C,0,1008.6162708000212,205.9295466845795,
C,0,1036.8335911780064,194.01197327468387,2340.0802774338813
A,,,177.7157396250101,2129.66982681305
B,0,960.3176105880015,,2519.702552239221
A,,982.5294386906228,183.35061473427922,2256.944642575105
A,1,1012.1800059992079,188.32669981453682,2213.0400621483304
A,1,1002.0107599711847,,2505.5083900230075
B,1,1008.728940682055,205.15584170540922,2425.979259564904
C,0,957.7653060124925,214.8618894679149,2562.302720108548
B,1,1008.0376482101125,,2753.3128692846844
C,0,1002.5204284172561,202.2935360959974,2407.07364095232
B,1,1007.0262037965845,183.4279179249378,2195.798002873253
C,0,,203.20990599555208,2524.5175857395184
B,1,1014.2981038928772,195.88435051536283,2400.4006826520044
B,,1038.532197061021,198.42258966035024,2399.7305247816385
C,0,979.4875332590249,200.4784625208114,2398.5538148103637
A,0,998.0473165653559,198.98563473664674,2396.018998309124
C,0,1033.6141806419148,191.8982301684838,2265.758235124998
A,0,989.9062894288215,206.8576925466247,2611.8162100833483
A,1,,199.63106279257084,2431.749443169398
A,1,999.775459263578,205.2885645002903,2470.0289308863676
B,0,990.2250418854017,196.77182635414405,2340.2378818561483
B,,981.4737156907738,,2515.928770962685
C,0,1037.9217008919422,187.42657310896055,
A,0,1018.3852615365367,190.67665853906232,
B,0,984.2259183072799,200.9628915069135,2370.5113253409163
A,1,1000.8123679555271,,
A,0,1010.7997245231486,225.195704002105,2723.5317117493255
B,0,997.9621458831118,208.22847636086613,2468.5923807816603
B,0,988.281088179969,203.3001680656097,2430.376576758784
B,0,1011.3857465246181,188.9167717193562,2288.319519652863
C,,1006.8716605130833,191.17963513859044,2353.304369655066
C,0,998.5208132317383,,2335.6249402119415
B,0,991.8870527253185,,2411.729697423454
C,1,1046.9688738163672,,2431.2771555270547
B,,1016.297907194428,,2474.8667309134134
C,0,1021.5490287001859,201.22920066536352,2421.4541820597588
A,1,1024.791507223019,,2472.036749336604
A,0,993.9459496109198,,2538.5361942720656
A,0,1011.7824973324804,213.322335152058,2615.731291895543
A,1,,201.76544207579693,2413.889894710325
C,1,997.101561802801,188.90040904898,2275.637858680208
B,1,1019.1686073598187,,2408.3461479599305
C,0,980.7882539894723,,2485.817055429367
A,0,1006.9430454226651,200.679113701318,2432.222068575302
B,,994.1937866992521,202.4992816914998,2397.3027415356114
B,,983.6048259182421,199.49242626938988,2475.8570086644563
B,1,980.1319042405611,198.81894973675884,2384.7299887940894
C,1,967.4320722382383,190.73270296046584,2259.402287268601
C,0,,191.289174447421,
C,1,1015.2859093743501,202.2623415459981,2482.6464996988434
A,,1066.99110587125,196.50212611930527,2373.917557287675
B,,1021.0403611086566,195.1938964547022,2326.099290703656
B,1,1009.1742024490599,197.709751249047,2453.2612796172725
B,1,982.1823849020897,,2465.1192911283547
C,0,926.1561112670228,193.0338363194954,2254.8662225836906
A,1,1032.2691990460928,201.8041275878289,2426.9945207550354
A,1,1004.9196317492424,186.94821799407583,2230.612246233982
B,1,989.6214507556705,192.7511629209967,2330.968934302658
B,,993.5433229546055,,
A,0,1006.4500756151234,197.12895130738028,2341.4428667910165
C,1,987.4093829431264,215.22514829294306,2544.8768996466047
B,0,944.9994502862155,196.00378508013378,2328.934362615402
B,0,1014.576341909214,187.1730046695627,2276.576683102584
B,1,1028.3718942399225,192.3953182238861,
B,,1019.8502362867982,194.55770047050544,2291.8825626360513
A,0,997.6007632323691,194.50558185928426,2394.445816739859
C,1,977.3204204969963,,2540.9121142455992
C,1,984.5637322377838,197.64790477764402,2400.9256719402756
B,1,976.4068529293826,204.1368639606159,2424.7468040245385
B,,962.3231029447077,195.0750564099478,2319.83895887232
C,0,1006.5376084015546,192.61139810584143,
B,1,1025.332321794358,195.6728389067123,2372.7017159189477
C,0,982.6513240707324,173.95227190582636,2092.910704499195
C,1,1004.3910406329011,200.55714301333418,2490.529599355304
C,1,1030.9890953117363,184.45225217394204,2238.520633332335
A,,995.9499161234863,,2541.2503104768803
B,1,978.5365980670279,203.38052812296732,2474.428944725032
A,0,1001.8357070403788,180.96074015264992,2240.311370606724
B,0,1031.9830126374945,190.46730959484762,2283.17997561564
A,1,1014.8577289260245,203.03970878089495,2396.858332903839
A,0,1000.0589833580896,187.0690302901688,2279.473018488201
A,,943.6828679561941,193.24936979135578,
C,0,956.9773753126972,,2304.5934804253366
B,1,963.1359083493202,,2611.5093914866643
C,0,989.921984074562,191.62245345773118,2384.4777519911545
A,1,1016.778669076909,,2348.504218729927
C,1,939.2207702352855,211.2321469458866,
A,0,958.7080100052143,199.5707085855162,2417.449677955996
C,1,971.7770134770933,185.42272685491545,2203.669683428874
C,0,1016.0814069471418,,2230.419472861053
B,1,996.0218358703502,200.25495394131005,2403.7047559742527
B,0,1010.132236405952,,2518.5641488934953
B,0,998.2151619519245,,2586.3149548043602
B,,989.3162266055172,207.2831782019808,2465.6201903203996
B,1,999.6454622820605,185.66712419171736,
B,1,996.8483491786805,196.76715085176997,
A,0,966.6410355222469,,2493.7888601765503
A,0,1033.3827937957828,193.9096039575235,2328.8426149962993
A,,1015.842770225251,,2473.5033579083074
B,1,1012.9776389270529,211.07147542870456,2462.692552470832
A,0,1018.3162503353468,176.66456599747565,2080.6652685809886
A,0,983.7698710109529,201.39675239724903,2395.195918513254
A,1,942.4241795123654,212.87228191206626,2589.759732327981
A,1,1021.0592336249782,,2678.9801901665446
B,0,983.8541777353731,,2575.688227335273
A,1,966.0386488721841,203.0053448042674,2518.623522455734
A,0,981.5098231011854,192.5888828361264,2361.2061446377475
B,0,981.6620046475512,,2545.366644108564
B,0,985.7971092223474,205.13388590661776,2405.193072544028
A,0,,,2431.4327870548855
C,1,996.3148338186346,195.88890662041405,2298.462559091208
B,0,987.5035305234242,199.26690690250382,2379.236065987051
A,1,992.0976493041401,220.3333544331839,2583.6549540283713
C,0,981.7449904127036,198.8509817908992,2433.27621693232
B,1,1041.4217309094565,192.5462502542196,2326.8150633767837
B,0,1026.2481433162557,,2581.0537723162374
C,1,1041.4538157812676,,2611.896997659834
C,1,998.2505547827739,202.65274408355646,2398.729106737251
B,0,1002.8526811139548,182.00735004558194,2163.832028333232
B,,1005.0929618260193,186.52507030347192,2245.163937645168
C,1,995.9079169941673,199.4957274173363,
B,0,999.0026619579875,177.70718514993393,
A,0,986.0216703242997,205.17938861094368,2445.024066570726
C,0,1004.1753274558531,212.7236356620496,
C,1,976.5485161576623,,2714.761034813027
C,1,988.3760423258601,196.72050724031786,2354.3299725338056
B,0,991.2199761287363,198.51405206998484,2392.4043183897497
A,0,995.5938483368736,183.50624584724153,2246.5459069541225
B,,966.183061948945,181.88669840286173,2196.041042777354
A,0,965.7394004271357,200.64167299457932,2426.8804744326494
B,1,986.0420891645898,190.57195183613248,2233.6594978532944
B,0,1006.5979824429324,,2378.939400822946
A,0,992.2999317110493,202.28841411791845,2450.666464369251
A,1,982.9344099828081,,2497.638634230951
B,0,1015.2609440313715,194.14362548260704,2356.343593515565
A,0,1012.0995615904103,193.76059605356488,2371.335351425322
B,,1005.5922571236662,198.17399009939322,2434.027000560849
B,0,982.6775433249393,188.8664212120358,2216.467247759666
B,1,1006.8674989206243,180.22515880632974,2114.270798416045
A,0,973.6781472757823,,2593.235477386208
C,0,1016.0314426671755,,2492.840554196885
A,1,1054.0615603030537,202.00374218582837,2448.859974670455
A,0,978.3697508945835,185.2698637296642,2282.79220346613
C,1,,,2533.156929840904
A,,,195.9588087097314,2298.094496428973
B,,989.335729904053,191.57469537250358,2257.307376812284
A,0,992.3016152684796,201.79922341875027,2367.83936584214
B,1,1034.283011799775,203.9449548950989,2439.1466771366618
C,1,967.7516646081085,200.4674048515326,2479.3572611898085
C,1,1006.2656079958017,201.9716890633488,2439.7489225252716
C,0,1042.301088204786,190.89838187817898,2342.8686356898534
B,1,1028.2462102740865,216.6166843808118,2583.345024316179
A,,977.5253627231768,191.16186390201554,2258.1540145983113
A,0,974.5534317735109,,2480.3686488241256
C,1,1015.6430864935103,200.56554574719897,2396.080032858454
A,0,972.291208327286,211.27468751853365,2548.0306325418137
C,1,1010.051981799383,197.14424509739558,2376.641126696393
A,0,981.6089869289124,202.0202726501788,2441.5727977191827
B,0,1008.5380502646423,217.10695386826,2600.5929143379626
C,0,,203.23780245033834,2431.9966786407094
A,0,1032.7826521077463,191.21877945283293,2268.016268668772
A,0,975.5267337325475,,2406.39428345833
A,1,1044.207435793629,,2685.7788661576087
A,1,976.3925431074572,188.7713875895463,2296.6801479721876
A,0,988.827393237374,,2415.307263880328
B,1,1045.263291535581,189.90802898308704,2228.081414993268
A,0,1057.6778820173045,,2589.4462634794672
A,1,967.3641643267468,202.1358855983226,2417.227625846622
B,0,985.2330511891006,211.76541688928285,2442.8844420314117
B,0,953.6810167433889,174.86436390453298,2063.935602544434
B,0,986.5626570026197,189.05193869767893,2276.8656679887035
B,0,1019.4466288266814,,2486.7986414280626
A,0,990.3343554778072,,2484.6355615358757
A,1,1075.2357797139143,188.6452240539289,2186.7555468213272
A,1,,190.08511156131544,2256.167109588071
C,0,1025.7393509767144,195.93962052709088,2363.0227768557515
C,1,1007.2502080517737,190.89555532434028,2246.5152561432956
C,0,,,2529.6847444404953
A,1,980.0954651291527,,2614.8549551487895
C,1,1035.4656938120427,215.62019163751697,2610.820188022369
C,0,,197.49809350972671,2372.4434128832854
B,1,1027.3856941136698,200.15117526399322,2393.9484598961653
A,0,1009.3306745185664,201.52397617573484,2379.0973916049843
A,1,1022.1422875742746,197.33076931339772,2346.011363888968
C,1,1054.4687127588172,,2401.574556711258
A,0,1039.2001250602345,,2605.8272327906684
A,0,1014.6340024676497,,2481.5412139363693
A,1,981.2156289564386,212.0230739908191,
C,,,,2622.291284618204
B,0,969.9658540727736,,2595.5198125562747
A,1,990.4128704224971,171.92542893394278,2193.877562174628
C,1,,,2557.9686661183646
C,,1022.5564097699836,,2531.0073743040916
A,0,984.3686620472032,178.68364896655137,2053.2939397841765
A,0,,203.8827832305412,2438.3105459458584
B,1,997.1276368007988,198.6982594304226,2412.3069725625596
A,1,974.9673711716777,,2603.1589141180066
C,1,991.0406880704194,211.16465336879804,2527.9975391040243
A,1,1034.095632243546,200.12296620201437,2400.5467380344085
A,1,958.9114297152596,,2424.237499860259
B,0,1017.444346895444,,2556.411887802166
B,0,1015.9178038199798,171.7515666211009,2055.683850090563
B,0,1063.7784530234976,178.9980830795538,2140.2881173007722
C,1,1002.4321402136055,197.0755657798317,2333.3852763942878
B,1,974.1187572660598,205.10045790334237,2493.2263879364104
C,0,,191.31445293123966,2306.2025696203928
A,1,1012.4796089386905,,2382.341075038914
A,1,988.2298308223276,183.27910070490378,2212.0746847742626
B,1,976.0610229164561,202.17738376665335,2397.774026002155
A,1,954.5436885807974,,2370.2747025807125
A,1,1008.7070152109656,195.07673580986915,2285.96955424148
B,0,969.4305272990221,,2498.3717326429824
B,0,997.6010432486418,207.93996384639183,2543.378249210056
B,0,972.1852736283191,,2643.1956206952896
C,1,981.3666729907939,191.72170253887174,2290.896407053702
A,0,967.544041138312,,2611.773903552292
B,1,1034.108197256173,211.26589403179952,2503.7059624862527
B,0,1006.3231028977045,197.22256780900364,2388.9896580747763
C,,1011.5938567067468,212.4554767889836,
B,0,1005.9004602828561,204.43039426416792,2475.752400210214
C,0,991.901913801701,,2568.584889227283
A,0,986.1550868284555,202.73307202096683,2415.174491357715
C,0,961.6729936874164,200.65833474723888,2401.218236484797
B,0,996.067269315808,185.04193706016363,2173.6176833348477
C,0,972.2083723250178,189.54521819433967,2321.930452246003
A,1,988.5672792897317,,2560.5435283703896
B,1,983.3122936756733,,
C,1,1017.6995656015846,195.76315452012588,2404.0942727208303
B,0,1026.3922891250656,186.23973907904136,2305.756080135662
B,0,1022.9280981961565,,2448.892512641926
B,0,952.684119162047,202.6009235325775,
A,0,991.3672936129666,,2550.4491870007096
A,0,1014.5653457800443,,2311.57433964453
B,0,963.2760494039703,196.11195555988516,2357.939300676314
C,,1018.9055391241184,199.90708085914926,2405.4532804828377
A,1,982.4930478159284,204.9193665899712,2485.930706755795
A,1,1049.5054988662457,204.08405245065958,2384.838123928028
A,,1011.9701152236942,191.99697486414246,2270.553310855366
C,0,1023.511320012017,183.63561471418643,2206.3043729626656
A,0,972.14221321763,198.21144262194503,2280.5981927487846
C,1,963.6504798168247,199.41258433202913,2439.0693792440416
A,0,993.7964166137236,,2346.931419636721
C,1,1029.6742865502863,,2216.6190496078343
A,0,945.3955608937176,186.03224771271226,2311.0899302509756
C,1,,193.3370246394845,2339.325815259435
C,1,,,2430.5247247188126
A,1,993.3440815500954,,2504.190889964696
A,1,961.1810541793071,204.13345345064252,2456.6244620372304
B,0,1009.4161777610034,,2471.721122657938
B,0,1017.4154165231938,,2557.616511177526
A,0,995.124052271819,188.94177177579886,2248.097936217013
B,0,1006.7002946022079,,2567.4180265634573
A,1,1002.0482948258691,184.16245726826665,2243.7813233762217
C,0,954.1910382807763,,2675.1086162900287
C,0,956.7504857795573,197.98651953631665,2376.389721707243
B,0,1025.1236037623446,,
C,0,1011.3263268895264,200.9041045249159,2410.1642551573145
B,0,1018.1696831083697,191.25093833067487,2312.1053269919344
A,1,1019.4591469426052,204.67398399152148,2542.635622058744
B,0,960.027377450668,,2446.0903290494907
C,1,1022.325757814307,198.92911206627772,2467.382315697192
A,1,1000.2508592566705,193.04987495998472,2235.4097694837656
B,,977.1110234273718,195.71491209311895,2436.980199685492
C,0,1032.3899387329527,,2520.6446598829257
B,0,1001.6749286755698,199.29564326430497,2357.5496626931313
C,,1003.3125226864556,185.47168616199363,2202.04008804259
B,1,1035.0130619416286,186.19069969348521,2268.642038850691
B,0,1019.9992667120368,,2351.076840725892
A,1,976.3388283923523,,2398.968998188803
C,1,998.2728588781437,189.79739665675544,2254.760943879904
B,1,1004.8583971614596,191.45915594712372,2263.0320469371063
B,0,1020.5139993795714,,2657.6118474441855
C,1,950.9877395957726,192.3276784125623,2234.967719543327
B,0,992.8934586520528,190.68493359067963,2296.489954614197
B,0,976.4491347034519,179.93574628616665,2190.6412586948154
C,0,1007.1979594789082,,2439.418887617297
A,1,1017.6438134562628,193.56573793896746,2306.752209996115
B,1,1027.2927157554234,196.23665908000055,2297.8098744131125
B,1,963.3104644373499,209.47683570583828,2521.2032291547835
C,0,,187.14335347805138,2277.0890608416794
A,0,980.4845902318787,,2429.3813114799405
B,1,967.2207976325044,198.8391360657765,2410.5536043404522
B,1,1012.1894452342026,204.42592845351132,2492.268963223689
A,0,981.8905647634144,,2526.2022328923213
C,,996.9790431092749,198.30354237924294,2389.8256868239214
C,1,1040.6156406898453,184.6412538417023,2238.572177842508
C,0,1004.3110050511524,,2269.420212305082
A,0,1011.3425443269409,183.57872799047703,2166.1483254744994
C,0,987.9675989650814,191.5598851939879,2280.625235456625
A,1,992.5706303982877,190.5332658576801,2348.4782883637567
C,1,1001.6455602616437,,2546.136195428881
B,0,982.5483265109091,202.40716207154756,
A,1,985.1758322279629,,2457.554961093303
B,1,1015.1988359244349,205.9518903074374,2467.33296940963
C,,,198.03154443498642,2409.825499108835
C,1,998.3794502003628,,2568.4403650341887
C,1,942.5132132460462,200.5359447756875,2359.1299297628266
C,0,1038.1245568642448,189.30716039668096,2265.8740321911378
A,1,1008.1582687565459,193.9635581931159,
B,,1020.3038463225475,,2565.034327345988
C,1,1052.782603037126,191.57409316855268,2258.026767504929
A,1,995.5786027804373,199.85908852528195,2315.25623020583
C,,989.6895334704054,206.27659003406967,2516.1824578396313
A,1,994.6143962215298,,2384.524965538934
C,0,954.1078568687072,185.12417105373058,2202.575855021826
C,0,1020.8062610890452,200.56118287233923,2431.9873879242455
A,1,978.7896385641235,211.70568252120185,2552.975457489738
A,0,1024.7538170534167,,2375.8469564632605
A,,966.664900305137,,2464.799952385353
B,1,984.7387597943745,205.7398017761388,2457.7930094268677
B,0,986.1054963823547,181.6960174601329,2181.17903680962
B,1,993.6832948320313,208.13336118605739,
B,1,992.3322547231546,,
C,0,984.3268243152964,196.72471823876728,2379.6922067722226
B,,973.354592744803,185.03531303726717,2207.585742187712
B,1,999.7036067955979,186.7457386883658,
A,,972.8151300816079,192.391805776957,2329.196453128332
C,1,1019.2836935370068,,2531.7289674745957
B,0,1014.2040079663947,199.31574408173717,2365.7023712000787
A,1,998.1439737128261,194.5186763508121,2304.2321492080036
A,1,1025.0367832512966,,2555.5645004064995
B,,956.961762085053,,2527.710788226442
C,1,1023.8315720494942,183.74125713794132,2194.0354890446424
B,0,1012.945903921859,209.2670328232555,2524.22832760474
C,1,,191.76069542194318,2284.0362169970367
A,1,1000.0157171027699,,2399.268075783543
A,1,982.6693600497746,,2568.7327175431906
A,0,997.4259742184726,,2627.398940904633
A,1,976.9389092832713,,2315.0152319738027
B,1,1012.8507274576921,214.41248869339836,2529.075000582413
B,0,1003.5038542986042,,
C,0,,,2271.159298680203
A,1,1038.4853346890304,,2326.655932139946
C,0,1008.8153184384547,189.14266682827122,2220.564827664806
A,1,997.6919177639938,202.7937320390817,2457.4872948968045
B,1,1014.626901098129,,2461.9050828640643
C,0,,197.8231650317449,2352.657858548027
C,0,1008.4837021097917,203.5152693979514,2402.0653641845934
C,1,990.6119907017998,172.7764699124629,2093.8946627303044
A,1,,,
A,0,960.4982619328084,194.45766495968795,2356.197270802535
A,1,993.3420532903142,212.0056036698993,2451.4033664255558
C,0,1045.1913241332063,203.2627038530728,
B,1,959.5866149162564,189.49039792108098,2296.1396720001076
B,1,991.2043255508778,,
B,,1008.9075453886205,191.0605222567053,2247.978796777521
A,0,999.276603859083,193.48228126646453,2366.084031300768
C,0,1003.2349393390828,,2509.973499114887
A,1,966.7209567909742,185.21840440110387,2190.405943755964
B,0,976.9216025500073,,2367.3861779046315
C,1,996.8812568934592,200.60184513055927,2378.6356585421995
B,0,995.8482279875648,192.06453035636181,2346.049441156667
A,0,1047.8919720530582,191.2829392406826,
A,0,962.0948809754498,202.6411888324379,2398.613307375907
A,1,1014.5321560012334,191.63579788289286,2334.076499568142
B,0,1006.6812022726069,,2692.9005080238767
A,1,993.0833409155982,208.68541846232424,2440.707751005345
A,1,1018.8540243185506,187.3602501102531,2234.6993366300135
C,1,1013.1605450406347,,2571.7177282319067
A,1,1012.3897098836544,,2469.1049186674527
C,0,1037.0442201324777,206.2994392527389,2509.5054443601875
C,,1023.0628080109851,187.46287348677876,2258.322232797047
A,0,972.2376860276154,198.30115055005888,2382.986177721353
C,1,995.8222210151056,166.79880171360512,2005.861179906948
B,1,1042.2357167969037,202.7336627871694,
A,1,1009.6499518877995,,2389.2630666499617
A,0,1013.9678180074981,205.79722305463963,2436.850980475849
C,0,1025.9980258874712,202.87931636688538,2520.9993690216343
A,1,1079.797531166135,184.07184505620322,2105.0550093765
A,1,1018.5403511634717,,2393.015764244992
A,0,993.3494733963053,,
A,1,987.8420354828919,194.44686625070324,2347.0152223887503
B,0,983.0724832418209,196.70925811000336,2390.6085911271903
A,1,966.6396929044462,192.00570928637916,2282.4987221603824
C,1,,193.65872028777872,2319.2625315125956
C,0,994.3369043567749,199.8091929155522,2343.3203469096243
B,1,999.9472210018288,200.54875712362372,2450.927014999559
C,0,973.9460316801078,190.04909339461,2331.2100871878592
A,0,1049.7458823626314,205.03959695147626,2483.3696757816842
A,1,1030.5462565200376,192.81781420253873,2332.228505997702
B,1,1015.6138511380611,207.85640776515118,
A,1,,193.13685073868868,2341.0681097793
B,0,985.5477712810234,187.355475508332,2210.1948337845256
C,0,1003.7085577176566,200.23367440566642,2330.769491376101
C,0,,199.31060374388838,2426.9155482812002
B,1,1003.2958300711027,208.98486351947534,2555.568737343578
A,1,1002.8954285850076,203.09854043029597,2410.946396226921
B,0,961.2490991844976,193.35250150186704,2338.7123821986456
A,0,1010.0074371712219,191.71704288155684,2285.707288324545
C,0,1031.1309293944178,179.92868714622594,2213.3984299034064
B,1,943.6015125385597,,2538.3443144236307
B,0,995.6702949741624,196.46375621396243,2377.09948562473
B,0,1017.2685520259583,188.8202648525082,2303.9704486203495
B,1,1021.4549856984728,,2802.0639254514817
A,0,,195.0499911560447,2341.7681203545144
B,0,995.7068438447906,213.17103339155432,2566.2229319921253
A,1,994.9289815620285,,2311.423449219193
A,0,1023.7280432068518,184.42436561270054,2164.5357270817767
A,1,1002.0705620077864,194.09086941780245,2334.5308255482187
C,,995.686593701582,196.75367112555776,2371.4719721682127
A,0,1006.0718572754575,197.25929153650813,2324.529996767766
C,1,972.4697130501627,213.84313205833857,2553.1554898573213
B,1,1025.6249034046152,,
A,1,1027.9128997560695,186.69145753565454,2234.1282699188873
A,0,978.1104667485388,,2462.84325962694
B,0,1010.7294392919081,,2591.5295471291415
A,,993.571875769392,194.78554353703652,2294.6407575335534
A,1,976.6032771418254,,2592.8728894793926
B,0,1034.6747528104643,194.4246081847033,2330.5509504666293
B,1,1009.513721500527,,2400.9209373024546
C,1,1043.369067121095,187.77867433849946,2251.8751839592787
C,1,997.3517041089408,194.61749954015,2246.3984161768794
A,1,968.5856795396542,201.18289773915706,2419.879025421933
A,1,963.4961506384291,211.51283721168733,2525.6309759305364
B,1,980.3738467368892,197.9421806267602,2358.035378111795
B,0,983.5245899075421,,2409.204424160202
A,1,1027.221461648535,,2777.6159294465638
C,0,1053.6722591717605,,2485.2122850709143
C,1,,191.6402581744366,2377.901057097993
A,0,987.0516418961606,,2417.4678039331047
B,1,996.4992611951719,199.95033665258862,2451.2897608966186
C,1,1016.2848413163541,206.39745030341018,2423.983357770307
A,0,949.1387192554258,211.5824572086728,2578.6184597674173
B,1,981.8671161731249,192.88931934027298,2284.5092915917994
B,1,981.8491932047305,,2600.1516586562884
C,0,,213.62597550450377,
A,0,987.4621878787486,197.29607899794027,2377.425926172042
B,0,1004.4054610734954,178.26262673155588,2082.4932021359864
B,0,998.9680378403019,190.98186960109973,2280.6864653202997
C,,1044.6974562675132,200.79053996548976,2387.5002465693406
A,0,1004.3785180585445,,2577.1503291852746
A,1,,194.32665557833272,2301.625213156509
A,1,977.3779529975757,195.0478976707462,2313.4800988570983
B,1,1030.230518770449,178.26088424518272,2166.3456673191945
A,0,988.5216267916493,,2427.817745350489
A,0,985.7846999255858,200.26035127417492,2422.537771333426
A,1,1008.4209034057851,200.66621205118946,2457.7503077846072
B,,1058.3859497130843,189.06852757902521,2329.283849359803
A,1,,185.62115455087266,2229.8102252237595
A,0,1023.8294350073961,184.15900324224322,2175.8714761844753
C,0,1028.4690264604083,,2633.7106177948126
C,1,996.338626454702,203.96378083243005,2446.827101462301
A,0,968.6733825776729,196.41265787511819,2347.5049328311284
C,0,989.3014164917399,189.1261426599014,2247.1521524414675
B,1,970.4473658548429,196.85646920473135,2332.5551184971328
B,1,1015.89119721118,190.95534961806948,2265.5707795429494
A,0,972.0509537341571,213.83211110740484,2567.1506950095163
C,0,982.7887232291977,200.91657585841264,
A,1,1008.5985681010532,199.20454778595453,2440.52361233426
C,1,984.912198980643,194.60593403644256,2374.4759953459147
B,0,1004.8945748390747,,2499.107327397647
C,,950.5031182469255,,2555.4149059754614
C,0,1008.486845095006,,2522.0558869975284
A,1,1019.3175934956988,,2231.181268803473
A,1,987.3231549437224,202.81432913903436,
B,,1010.3036526662981,194.52023105217043,2334.606487555507
C,1,956.4403828579631,189.5840252601663,2219.5438087380953
C,,,,2539.3554811606678
B,1,1019.641469486613,200.48388604345698,2455.8168499634985
B,,1028.2081684715633,,2603.374248038774
A,1,1023.3979037489665,200.47473019694425,2437.5392158150617
B,0,1016.1485801197149,195.4353069453077,2401.668573723082
A,0,1017.9220357347208,194.7850527652697,2309.5556168434396
B,0,1051.717772028653,213.24710720251795,2553.9790239665645
B,1,1033.6215119058404,199.56972456272888,2364.298489017143
C,1,1013.7534504058599,201.4313852926351,2420.547186297632
B,1,1009.4439792450548,,2532.6890620738754
A,0,1018.2264761861851,195.93671754118856,2392.0053170158835
B,0,970.7923035967389,191.07765169653538,2381.706329868965
B,0,1021.2795973375697,200.981311499575,2425.365542445607
A,0,1007.7089065398295,,2552.0170576779215
A,0,997.5979385872566,,2242.7382215567823
C,,994.6512116839472,198.90598620349473,2404.9215952197474
B,1,1019.1349237384491,195.74365146751123,2360.5283252950226
B,1,984.5326545621002,,2514.471576428219
C,,1025.503379689739,200.62151228519687,
A,0,1002.2032764324608,189.67715094309173,2230.105540868725
B,,1012.4346236099688,179.5289748947134,2180.5395946727253
C,1,1000.7789550800167,,2526.105267717277
C,0,1018.2677737440042,195.07718504033858,2348.802214831491
B,1,994.0496280018378,195.0098991153051,2271.5009345041294
A,0,1000.5126279724162,201.33395144213017,
A,1,1017.4048438109251,205.0659371202344,2412.6816196027253
A,1,985.0585685343391,186.58128875582278,2291.5850767120305
A,0,1000.2469017245365,208.22839766861247,2480.151619343144
B,1,951.5092576258251,200.5208286555851,2403.1630416958
C,1,1005.3430483542501,190.45003596815596,2285.3835812741067
C,0,984.0069811248163,190.86154472335608,2301.621901170801
B,1,1016.3758032633831,,2452.4929179937367
B,0,1008.1704300023338,190.9825028899688,2207.745025062802
A,0,999.730608953902,183.34091267138945,2174.2571435532677
B,1,999.6934492936274,192.63369647955483,2301.202651244176
C,1,1026.6077721044576,188.69283760484137,
A,0,1017.0730342654078,,2547.636352488265
A,1,984.1364712469624,201.3304985355814,2364.338216770198
C,0,996.1243477208059,201.6254058274181,2511.411015142532
C,0,994.0608901678561,203.68935971051118,2501.410752812621
B,0,974.723131247896,184.17892731928723,2192.8293666770815
C,1,,,2526.4382531821566
B,1,982.0162795212086,,2562.6015016217766
C,0,,198.97605478128472,2388.343197427919
B,0,1008.1907769899215,196.4595819342159,2305.789307098198
C,0,1020.4166782441999,194.92675073543822,2379.7341071060914
B,0,963.6385045778926,,2494.8383510844546
A,1,1017.1956039730227,192.20235272395004,2327.8620662758276
A,0,998.8987143063421,199.57431592329309,2383.7780849163364
C,,997.3737424093364,210.38443880196434,2552.609516370866
A,1,1008.9108954666542,201.60799573678625,
A,0,988.8179070525462,196.7313338219244,2435.3695553459315
A,0,1039.6233993907867,193.38230988876794,2305.2387377294117
A,1,973.6666997206511,,2547.48449779495
B,1,997.0560357809229,190.21897594866135,2252.4177554288
C,1,,199.89938307280335,2479.369439411572
C,0,1008.0193853319935,,2308.593893821854
C,1,,186.056111217594,2190.647377415854
A,0,1027.8382447579502,199.46716677058754,2457.280347233442
C,,1009.9816580921524,202.10448052416325,2427.9176910331626
C,0,998.6613686003873,207.91423986954572,2513.9954422823885
B,0,995.4160673386936,183.6913448330607,2239.9974498800457
B,1,997.5686769987421,192.40376600281644,2302.571961901455
A,1,984.1684702312141,201.586989939842,
C,1,992.9278231934525,179.49591512007427,2087.6065400554394
C,1,991.6312694147199,,2496.39341971906
B,0,1033.9823591980648,182.07239066675226,2293.501682339686
B,0,981.1966685954059,194.26505101424212,2361.764719569288
B,0,982.5971469371344,196.1778401497822,
C,0,,195.46694584125657,2375.1184148558546
A,1,994.7657039033527,199.21748405410366,2376.6669905828358
B,,1012.419924454078,209.23662703396755,2507.1489830276287
B,,1051.022943843389,181.17465466100697,2124.445890957089
B,1,977.2282556326718,,2429.5690876230055
B,0,994.5435835854557,,2535.5992618120786
C,0,1000.0506773082864,,2584.410935571836
C,0,963.6407097794352,,2388.468011851399
B,0,965.4352896287362,202.3298335849975,2431.831982266476
A,0,947.4110414351693,,2341.0764754030934
B,1,1021.8582041116707,206.66825617128865,2442.7079509581426
C,0,,199.1567731855091,2349.6390338006313
B,1,969.9980721282802,189.53846578311834,
A,1,1002.3392946782029,202.88240860738478,
B,0,1012.8266266668335,217.04880663422165,2583.934777113432
B,0,988.5392953564585,209.12787333783893,2494.199424665668
A,0,1029.8627540734162,213.94766390482727,2567.4821922982396
A,1,1049.0592411580863,,
B,0,973.0104018374313,197.16039198528637,2377.5892674701827
B,1,970.8934953345201,201.30404914555393,2416.9413492128765
B,1,1024.6291997610808,192.9813693261676,2319.898356752049
B,0,1011.6698006098718,199.5772846084738,2355.2752583637953
A,1,968.011077903737,,2526.2331539197316
C,1,1021.172805451058,201.99598279641776,2478.197359636688
B,0,984.0293805123566,178.98956834424777,2174.9820283607223
B,1,970.879716852831,194.08451398276154,2397.1821120582918
B,,999.5682094405739,,2577.0046472582862
C,,,180.2846988835837,2138.7983766624848
A,0,973.0315127903602,199.3552183923272,
C,,945.7537424048472,,2531.086073339496
C,1,981.2622367182917,207.17245925987908,2444.8578353923745
A,1,1017.1404436582233,189.28276388633213,2257.105672858615
C,1,969.9109097507971,202.8282642141714,2391.7513093217826
C,1,1001.7680311392838,,2522.5919478564583
A,,980.146248563866,188.22008273789913,2208.343635813693
C,0,994.12674397575,204.88467518249425,2427.7138570188663
C,,1007.2601792419689,,2354.8330368822776
B,0,982.4804666141227,,2593.125805082938
C,1,1015.1614719014025,191.38369535992268,2329.3049808829933
A,1,992.5897857199228,,2649.2167004108983
C,1,998.5964231253496,193.26560697894848,
A,0,1027.490215653695,,2327.145707359287
A,1,988.2539830811558,194.31595021671512,2324.60663400031
B,1,955.3073491196516,,2523.370877260591
A,0,978.226197164992,190.98720042042945,
C,0,1040.0002576777931,196.989839433756,2461.454913765947
B,0,998.4542515102627,196.39028914360998,2291.3106911005516
B,1,984.2009380874754,201.5993423507296,2411.4494090560474
C,0,999.5443729401424,201.94333133197546,2346.6627647827477
A,1,,,2620.1432853553365
B,0,1020.8110791388995,197.9657980215829,2316.095015907395
B,0,1021.7355253397384,196.24220698778672,2361.6946543407703
A,1,1014.0005514624321,202.89569250806824,2428.993150801317
B,1,991.7938876809852,,2585.828321192039
A,1,1017.4090287668964,190.94473439882472,2337.301914998136
A,,991.3689508752764,184.45203367094877,2175.4591261403416
B,1,1005.2000755071364,185.2012670241583,2214.1600716450243
A,0,939.8943486793319,207.61264118323234,2509.9752013437956
B,0,994.5345530088865,186.7703528637312,2306.3785445097055
B,0,1053.2811621958656,194.11430418384455,2282.9414787001783
C,0,1010.2269151621732,198.29298394139403,2412.351673221493
A,1,1022.8376370899877,,2545.5467042375462
B,1,985.4267473596801,,
B,1,1012.7881831319098,198.19720839574452,2317.3434899767262
B,1,977.7798364070718,189.93469890634282,2235.3902711248966
C,0,981.8746559440741,,2496.5946986787567
A,1,999.4951665357798,200.54583174215182,2433.8473698619005
C,0,1049.6518769826714,194.75256660272396,2304.9222920154834
B,1,1015.8270677542913,,2274.167584687476
A,1,981.4175666644541,206.18917931094057,2544.519739285125
A,1,948.8533330102166,184.4772158782108,2094.533562680788
B,0,1002.9478395628438,,2866.7993508668255
B,1,1014.4690248251595,195.90345992380304,2366.56719059727
B,1,1024.9589630225196,206.01434410468258,2477.2968870717864
B,0,1005.368987986823,186.95868221837353,2319.9173816421344
B,1,994.8523903162485,205.10166838836392,2462.3162392323356
C,0,1021.1633444298052,199.53802482052586,2367.5049915471045
A,1,1003.7456987510851,,2397.967053855011
A,0,974.4252945205135,181.86001899964037,2236.822986620289
B,0,955.7725863842282,,2532.466033616774
B,0,992.5318539196709,204.447362937211,2432.552224385144
C,1,974.4069990091969,185.094723182274,2181.1812545942234
A,0,1065.0924916963088,191.7907712797691,2301.4089375706835
C,0,978.1285506519681,197.07888433044994,2367.5764852564557
B,0,1032.0591288460325,201.86354921380493,2418.559521073619
C,1,988.9094989163245,209.64510607186696,2496.453590535783
C,1,1024.500770964698,202.6090862839249,2474.014206633577
B,1,984.8967032781088,,2541.1986366864044
A,1,1041.9386016010476,192.60387356730226,2364.3837710228927
A,0,,185.40970646881746,2254.8229665869767
A,0,1042.2470318806588,194.5353770415994,2361.5027119503925
C,1,1031.1898733087542,199.57364391730246,2484.146839943747
C,1,,205.15341199442977,2430.9123058286173
C,0,983.8761066326448,,2117.8713562267026
B,1,1003.7056858976404,211.08478034173982,2531.78631347455
C,1,1029.51220337542,197.20135910211067,
A,,1022.4972273500725,194.05757329999233,2337.8018976726767
A,,969.2083877326721,,2542.835911304492
C,1,,190.62405792029713,2220.6426520395007
A,1,1020.9678246377016,198.27056630251167,2345.5937775770635
C,1,1018.9139523257487,206.5214258817567,2474.150560351754
B,0,1007.7928991089902,202.48610384117273,2465.056981916007
B,0,1013.4598403577951,,
C,0,1023.0175926621215,190.02799993037343,2285.2300814817477
C,,1003.3268731118714,194.7997996095437,2384.127633080644
C,1,996.2205604739419,176.59693178310204,2095.803658922635
B,1,991.7893844732824,194.11351429904155,2341.4476768384975
C,0,,196.55146080855712,2326.372045424019
A,0,981.5017032549242,189.16406984343953,2251.8960317047695
B,,925.0809598809319,,2648.9079420296334
A,1,1025.9229455160341,186.4219172109899,2241.9632334348053
A,0,1034.7586502527251,203.94165044454758,2446.211606464295
A,0,1006.0259301731602,202.7769553820689,2448.848614834345
C,0,957.9460280052041,210.9716293279831,2567.64014671576
A,0,988.8886307148252,210.84065923531733,2588.3575483304935
A,1,,196.77148246826408,2366.9031895099724
B,1,994.422483276131,206.6638318737147,2475.18139167029
C,,,187.32965116667762,2159.0774854274487
A,0,1053.0195705222682,,2392.049396111283
C,,980.2646247328908,184.08212273597718,2202.922857461463
C,1,1013.0869292039189,,2493.924840038756
B,0,957.3489734076697,201.97219730905096,2419.5818218978775
C,1,,181.9582133270425,2193.3104896682044
B,0,965.2957881163273,,2261.8926407105128
C,,970.0394349841325,202.99497478443794,2501.254409146655
C,0,993.02137218672,210.42956183896393,2473.702139606321
C,,1005.4357496093135,194.22712427319334,2395.149857755281
C,0,976.7762763543228,204.53229384707032,
C,0,984.5699568735388,190.22553397607513,2286.009612532281
B,1,967.7212738334614,,2312.0660394542465
A,0,989.2416111580106,173.70273445173757,2159.752831585903
B,1,993.0278658055154,199.75078325105977,
C,0,1052.8675746435429,196.08318656633662,2360.8433603567296
B,1,1012.2135096865745,,2428.5637891712536
C,1,1006.9420240939254,192.76365500873843,2349.6410356840383
B,1,957.4388579683997,,
B,1,978.5110456579528,202.6730245148067,2455.495970171505
A,0,1021.2205362166084,183.7992448271027,2139.556233080433
C,0,1004.330637743599,194.1647452719993,2278.5804594882916
B,,1007.4122596104845,182.93609858652894,2170.264297940851
C,1,979.9003057529995,,2519.405796199435
C,1,989.5052226052146,204.10647904694818,2436.4557750434283
A,0,977.8855574176663,,2503.04504590779
B,0,1018.205920828844,197.3271500406614,2404.3944152807667
C,1,,,2552.9936595838117
C,1,986.3523564975054,197.03806435508633,2331.320207287149
A,0,994.5792183868444,198.42650745046802,2333.3628330687
A,1,,,2333.7890729277574
A,0,981.0372119365242,209.96434104687984,2491.4636205020815
C,0,,196.78009736684078,2338.1755501848456
A,1,1049.9027694401877,197.92325175707222,2383.22183775186
C,1,999.0996553230676,,2599.550018676467
C,1,1017.8458714020258,,2489.661146110429
A,0,1019.1466864709682,205.37009841762162,2400.2661406733855
C,1,962.3066905548355,,2589.484814497542
C,1,1027.2192658314507,,2331.456448976326
C,0,999.7682128804362,195.86679880160233,2319.1089043624206
A,1,1014.2758379721024,,2501.461753690736
A,0,1014.7473575967672,206.64601580478075,2511.767965404424
B,0,1017.0400992896637,,2673.0575139320904
C,1,,199.1426518549915,2406.0883942052537
B,0,1016.0367032293609,209.77894574998354,2546.068514031309
C,0,1002.8158833446481,186.1784937660477,2228.98210699554
B,1,978.4945775234905,198.50441452773418,2358.4931694668107
A,1,,195.63371246466718,
C,,974.3642832885362,171.6126847603163,2098.4787054807502
A,1,971.2445582215532,207.22873278114577,2510.0083356065325
A,0,1011.0051699070342,207.24467668955413,2469.369707737941
A,1,992.6822655491641,,2357.587871660779
B,1,978.9677244221026,,2458.9933019511736
C,0,999.7812845030971,196.76526184092896,2345.121188038359
C,0,1002.3487028765509,,2524.5166471478146
B,,1032.1141513383425,,2542.3604365136293
B,,974.2731978845818,200.49024245930232,2353.690566861875
A,1,,,2652.5946266168157
C,,,,2417.5302345303503
C,,1035.846957343859,200.77627941026773,2430.9942038085533
A,1,997.9923601990635,,2546.3788384554437
A,0,1006.3885491964718,197.87979673613623,
B,1,946.9806665977261,195.56418692302634,2261.039449179566
C,,1016.326135345526,188.75614705583783,2192.9725028081293
B,1,990.272030217016,203.9431662400282,
A,1,989.8135894158296,,2685.3342856078707
A,1,985.872015409087,,2360.226194046296
C,1,1040.3664737546283,167.2246871702669,2049.0722917958265
C,1,,199.89586005529515,2352.6463801269165
B,1,994.9372154423453,198.5890682503603,2388.7795644102516
A,0,1007.7900995882459,,2675.9784959002
B,,989.0103703560484,199.41793261884692,2432.245643390762
B,0,1018.4504269161152,185.67708721948807,2261.9719590833533
A,,1014.9866403857231,197.22314078599598,2375.693833000963
B,0,997.4270436125305,209.55752646796694,2511.122265568275
A,,1026.557982842245,196.07949991841144,2418.892509592855
A,0,999.8293126459355,,2548.014184825344
C,,1030.9319742998252,191.8911693205839,2306.1014933986316
A,1,995.2963652562933,202.7368303579202,2403.1456535072084
A,0,992.8074072593068,186.42923756142403,2281.166568633943
C,1,,187.05001681074896,2188.392882749436
A,1,1034.8032528775034,204.49969985237746,2472.505438706335
B,0,997.4130889756168,206.28264041703056,2460.7899312859918
A,0,1029.929495885878,,2495.8732115992566
C,0,,,2772.386536422837
C,0,1008.4284714751191,219.51879629311094,2585.2216478597275
C,0,1028.518052437163,213.65172828447092,2565.7610993397075
A,0,1031.806115643891,209.278093552958,2521.071739038744
C,0,953.3423496399818,203.06938862655258,2399.2040805848865
B,,964.1781816222258,185.87187518825976,2229.033217763076
A,1,968.8974015037797,,2421.674628224209
B,1,1046.6398874606546,,2464.3086181442486
A,1,,,2338.7611201563745
A,1,,201.7658156523889,
B,0,996.0732849835181,,2449.326326729001
C,0,977.3099606501684,202.8659979530722,2467.515332186868
B,0,989.4455463275671,178.23485085809665,2208.048805826744
C,1,1010.0685959393466,204.98522461511703,2492.1882209615537
C,0,1006.1107958060827,203.79901352604747,2378.6310935884508
C,0,959.3694125269935,199.07252494563593,2385.317036204426
A,0,1038.8083653778367,,2493.719574067297
C,0,1020.3624309410351,206.84193540294214,2447.427213272637
C,0,998.1628363165298,204.03329382208088,2526.3814373981595
B,1,998.5813369992329,,2602.484923224618
C,1,1018.3930174203751,207.29055033750444,2459.3468167073306
C,1,1028.1848479724486,192.26735251678778,2281.7808397544213
C,0,1009.4320189812277,,2622.3572586120854
A,0,1005.6329450552496,208.91728489748309,2447.180478006884
B,,983.1883963303803,,2594.4829646955645
B,0,1006.6152878192357,,2587.1887759923084
C,0,983.5645775907068,207.63895276209547,2444.8164149760855
B,1,1032.8618731852562,,2564.566368905827
B,1,976.3457840865076,,2335.3378541246957
B,1,972.6833424096761,206.3440911013652,2490.2929907010007
C,0,961.7654226944668,197.6940161408858,2420.3178808471766
C,0,995.6696785699377,207.16719755121187,2488.0730133969546
C,1,,,2418.2921182571404
C,0,957.5127057897078,192.46104098079735,2259.3806910653116
C,1,1001.5889011908923,,
B,,969.1865214204113,,2597.0052162861257
B,0,985.5328395689173,177.39771289874196,2105.6809167119354
C,,,206.99992197313284,2530.5925990760597
B,1,1006.6144668530081,,2593.0071973723852
B,1,961.1512912535138,204.05478160853764,2476.7923705796375
B,0,981.2743459045631,195.6169723476402,2354.3766912774618
C,0,1005.8539218415053,192.54357702114896,
C,1,,196.22419215720814,2212.9517353571337
C,0,1024.5830057925236,,2470.197662121594
B,1,1007.6584075950063,,
C,1,,196.2638045020809,2338.1055733487183
B,0,990.740765448447,,2435.8494419874805
C,0,1045.107802410245,198.89930917412582,
B,1,1035.1246967899435,,2630.2952588422027
C,1,,197.78637051922377,2449.184490436676
A,1,976.8348001114434,186.27283598832776,2232.2779064708247
A,1,964.8325103771597,199.8260357812712,2389.1431692980295
C,1,1021.6264346539003,188.65761312890214,2218.843802630465
B,0,978.097518899407,204.16441216277775,2422.3721923393814
C,0,998.3886831804723,204.11734077013568,2448.993582052322
B,0,1000.2544138229805,203.79792851471325,2433.9953600395447
B,1,1011.8540213281633,,2585.09666123714
B,1,979.1333831215966,180.06965255420636,2153.459308195299
C,,987.1094568006209,,2560.8737895201757
A,1,1026.8590353109605,,2707.7402076314465
A,1,1000.8777559406273,208.9757912342164,2580.0445054745082
B,1,986.5814032663449,196.62432863857282,2342.1417817516194
B,0,1002.1886835802034,180.65681754286854,2184.8696986382106
A,1,1008.4484152490511,,2455.3190066573684
B,0,987.9828656102751,202.5445393129176,2419.6830876981608
C,0,1032.1461459806028,,2469.3353000629736
C,1,,207.006052296824,2471.7036329038024
C,0,996.3401339474999,201.12941379988249,2404.2750489510245
B,1,1005.782927914722,,2389.2020101041508
B,0,994.4704893508436,195.78977057067243,2314.7622425519735
B,0,985.9422297560386,201.0153986472615,2420.61469307205
B,1,996.6381746819785,203.5759715375093,2479.693412000879
B,0,1038.6584680486983,,2635.1163486235205
A,0,946.7532698798916,173.23973253194418,2042.0086218625459
B,0,1067.385684105478,,2465.0303465242087
A,1,1010.6200260700781,192.91245380008007,2321.795879888901
B,1,1004.1762172122267,182.6089584649195,
C,1,1027.6068985260915,204.70268002673257,2467.6664515409557
C,1,1019.5472683263741,190.29859391460153,2239.1634512979153
B,0,1014.6982398786389,,2384.4142845791416
B,0,988.6013811908495,203.07991619572007,2497.4764350612295
A,0,1024.837639861976,193.5296605546544,2363.8188034543673
A,1,1017.5503381226964,186.34717125567795,2225.4508586942993
C,1,1011.806495022328,191.49650872190867,2345.1450787530316
A,0,,202.96483224529223,2412.534756049512
C,1,978.947383887432,192.49650348922657,2301.8170115297435
A,0,1010.5955240157376,199.4189612552196,2441.195936774139
A,0,,209.81926322687207,2530.468623961289
A,1,994.8457437024489,203.25527346605054,2478.4494979209912
A,1,1018.8414482343829,,
A,0,994.1379332968852,200.18587498064812,2481.441505517333
B,1,1033.024157858942,179.6262990369783,2157.5934713164697
C,1,981.743924796358,192.200569150798,2322.58626572857
C,1,,190.47390358276715,2351.8473697401737
B,1,980.936035411236,,2477.358842417626
C,,1002.1542305818274,189.72595369040747,2237.8863343580683
C,1,1003.0444385390766,206.69760413952835,2404.3591332028695
B,0,1009.1648299426623,,2475.9533241334666
A,,1022.9305119419869,193.2082810634422,2287.778344243428
A,1,945.7845375274181,202.8151971112202,2409.77563647065
C,,1040.495167232086,,
C,,1029.5846654306952,189.43975745722756,2326.5705007142033
A,1,1009.8180790776473,195.72405185729082,
A,1,989.2746934162466,191.39487242208415,2289.0116490182377
A,1,1014.1280433627976,,2479.583203587701
B,0,988.9316190626535,205.47514603508546,2416.4141705263005
A,1,992.2504206280596,190.88275379003363,2330.953346476513
B,1,981.3420252537677,197.69094853929371,2366.428714026547
C,0,1020.9375722746937,190.27037212310543,2227.500774557327
B,1,1022.7320734344754,,2493.714559573866
A,1,975.7875060354362,194.07045407902308,2307.0549346576645
B,1,1003.3165095607854,204.60283328855385,2430.5852824980357
A,1,994.5014458373313,202.5663714688341,2478.318703135232
C,0,1026.0701260343305,194.52639723627127,2384.986689394077
C,,973.6440091553661,212.7030290215904,2427.526327825022
A,1,1016.1587581090369,,2523.875825860142
C,1,1012.479576873447,208.76028388888676,2546.5977323256434
B,,955.7271966273994,201.80368448498382,2430.7454820752014
A,1,1035.0034208589318,193.86833188168097,2316.2531981479788
B,1,959.9421439166094,207.56759727311803,2459.7363009121113
A,1,958.0608654427359,208.89982636289878,2480.516561441181
A,0,951.2430734317484,,2314.9270458847172
B,0,991.580708994145,199.75716656166364,2365.3965764758727
A,,1005.6490269155951,183.98430071329733,2252.7708740268436
B,0,1010.2315415261289,202.71244693435676,2457.8453186307584
C,0,1005.7258718435855,210.20613609683113,2571.3867219054587
B,1,972.6458363291049,,2406.5326449135155
C,0,990.8872782770599,205.73933439850293,2469.671227344348
C,1,993.9005002932757,192.2810414072588,2285.14611560309
C,1,1007.8610933554869,186.8894728722011,2295.3694690948805
C,0,987.0054738165067,195.54219207891995,2306.2697395119367
C,1,1010.6910259589462,183.60101406881566,2223.637819217834
A,0,1011.2858488725641,208.59963483081975,2495.2783949921927
A,0,1002.48748163303,193.63956142526825,2336.1117560254324
B,1,987.276886570945,213.51307323813282,2555.6441456818525
B,0,1030.0059713053786,205.77179938155433,2557.9505542109578
C,1,,,2646.631111314674
C,1,1000.2651324093439,191.52609744497641,2330.28255688795
A,0,1029.317064014104,200.31649439647862,2326.6223047496915
C,,953.8701358926255,,2434.506812363099
B,,1025.1623304730683,173.83073088474188,2027.1843689865082
B,1,1008.3648924650777,187.0630530502079,2303.727491627782
C,1,987.7404405031969,,2394.4874635794804
B,1,939.6257826615076,211.46282160133396,2532.1572705273884
A,1,1042.4511127295261,182.092984039103,2140.564770754977
A,1,995.7324612220702,193.59279833003384,2259.4217877314777
A,0,972.26229997798,190.29199849499315,
B,0,998.0817901258182,,
A,0,1041.196879284026,192.92488799581716,2242.3391807505805
C,1,987.4374548044827,196.43829145810253,2432.712007651677
A,1,,200.99046445376476,2427.7810359931823
B,1,963.0813979634984,190.21913954354252,2316.101929614742
A,0,1002.0067654577451,206.4355907262431,2520.690082879191
B,0,1004.1362067427111,,
C,1,1009.7245933420264,185.7339981286353,2271.388669690907
B,0,1005.3631780213225,190.46894333748526,2288.6265876097386
C,0,1017.6561404026426,,2596.0435963218415
B,0,970.8868300125323,,2428.0339863158765
C,1,,185.2023061972709,2184.4669705214437
B,,1048.573891073089,,2470.051101930642
B,0,983.1037873706748,199.3761518918492,
A,0,999.8089422240984,198.94164184719702,2406.109777358376
B,0,981.7654340923623,,2497.9715045633134
B,0,1003.4604754386422,192.50185961888872,2322.1083310470367
B,0,973.3899235872937,,2712.8801500455556
C,0,963.8581232424926,193.02118762549566,2350.669605871012
A,1,996.3264203087796,184.12239801488587,2177.8732702386355
B,0,992.6419189072379,201.95159252641528,2402.711284059015
B,1,1031.8388947512747,183.46799203093283,2202.630991047844
A,0,959.1529092150112,,2518.2984640789305
A,0,1019.8381148965179,200.3033590862522,2380.458978446078
C,,971.8761094588593,201.9123781813959,2437.5277564208163
A,0,961.2134936868359,,2392.680455412078
C,,,195.63718318156984,2380.681003548057
A,1,977.8445218712284,205.85476440008347,2513.815677471008
B,0,966.9596989533724,185.72568240005324,2154.3121617306833
C,1,,197.66608740255768,2362.9769925155747
A,,964.9536718211406,211.69731618159042,2524.3214980867256
B,0,1022.4459920497421,196.30151818701052,2294.094467056299
C,0,1013.1058065498481,,2564.2041351115904
A,1,968.6046946205829,,2648.904806972398
B,1,971.3661141558628,,2457.775469547957
C,1,962.3125118195771,209.66498991489507,
A,,965.3207646668109,201.90426176057133,2379.6041888057675
B,,987.3789378252264,188.52358077694277,2242.806921213448
C,1,965.7519519980823,190.59680065003738,2279.5296891290113
C,1,1005.1481364304159,,
A,0,993.6372197254725,207.14319670110945,2540.1226776242665
C,1,1005.1565483752814,,2430.413169594957
A,0,1027.3885564813959,195.98311810951466,2379.6738844126835
C,0,1036.1612614350288,198.61483630326975,2379.9340005437193
A,0,995.5065851032203,205.54463558897274,2442.6269224202097
A,1,976.3562072002169,,2566.6303890315626
C,1,969.3228444305524,196.36163703864182,2359.6426022077453
C,0,989.7272754119182,191.883961432222,2342.4350234843855
C,0,985.1886527517363,190.3661090274201,2302.0006935184465
C,0,991.7301344441106,193.55340109799184,2277.0459975649223
B,0,1032.1505189194377,,2347.7606322840174
C,1,984.522924210144,196.3735162139179,2393.847483543932
C,0,1017.3998351300236,192.4062024131568,2368.9067824930385
