x1,x2,y
3.6578609508721263,3.6578609508721263,125.49443136644001
0.9914772768599089,0.9914772768599089,32.462018036351076
-1.0801520182767632,-1.0801520182767632,67.1657611738457
4.945739606339321,4.945739606339321,156.98764150646093
2.5404301451345424,2.5404301451345424,148.07357651844987
0.1302398421560964,0.1302398421560964,46.56115761593148
1.7630759629159467,1.7630759629159467,5.67609967850976
-2.6680156893006846,-2.6680156893006846,20.7400204766255
-1.7287528733659263,-1.7287528733659263,60.001404023673395
-0.32718215828463926,-0.32718215828463926,328.1732117895461
-2.4185540585650758,-2.4185540585650758,189.62411075299437
1.7573291224992538,1.7573291224992538,350.4887436831624
-0.4477188971099135,-0.4477188971099135,137.9391231424311
-0.3568897819357275,-0.3568897819357275,390.984113517092
-2.01157415659289,-2.01157415659289,508.15224455302257
0.9385532777534156,0.9385532777534156,393.1962988418768
0.20239316474893876,0.20239316474893876,133.61828741921155
-2.0061061591504075,-2.0061061591504075,24.643901146505964
3.7948030297696347,3.7948030297696347,516.6324141907966
2.614633594223542,2.614633594223542,310.5434560585845
-1.4381260031750616,-1.4381260031750616,1.7587278727339322
-1.416780905498296,-1.416780905498296,81.26606213802958
-0.7063582449377845,-0.7063582449377845,11.510001302583003
4.273906580560233,4.273906580560233,572.9446747655414
-2.7558928027537597,-2.7558928027537597,373.40712786294597
-0.41788792270166386,-0.41788792270166386,-4.3315627097133556
1.2657464539040184,1.2657464539040184,62.04335674788023
-2.5390866078296623,-2.5390866078296623,298.5028303367557
-2.842765457667955,-2.842765457667955,17.747364692276808
4.590197049434664,4.590197049434664,354.80599336989525
0.47469620405369817,0.47469620405369817,15.713915701727547
2.6227660242460544,2.6227660242460544,122.16652653488599
4.264956106148616,4.264956106148616,894.9701382227145
-2.0123148974241536,-2.0123148974241536,296.41627107275053
-2.363764892141866,-2.363764892141866,241.2386090086649
3.750382601883583,3.750382601883583,36.58904344539006
2.7813652294404765,2.7813652294404765,292.7390862311211
2.6956472712079087,2.6956472712079087,60.0591679826457
-2.9002769689981243,-2.9002769689981243,17.938412051955968
1.0857849156758261,1.0857849156758261,85.02669325720629
-1.7077434705356325,-1.7077434705356325,167.54161784297557
-2.0644809748399444,-2.0644809748399444,24.52956676607491
0.8630596289796824,0.8630596289796824,549.9988203094559
-0.2231055944441227,-0.2231055944441227,37.118307918423575
0.5676384256254225,0.5676384256254225,-4.023931183163728
4.070698826468427,4.070698826468427,491.64649405509385
-1.8759988189174548,-1.8759988189174548,4.867246173472115
4.181751765208071,4.181751765208071,461.5601804139847
-2.9785510923929417,-2.9785510923929417,204.50028426599184
0.25123587980758977,0.25123587980758977,-2.596476704780591
3.502568708356641,3.502568708356641,430.08323719225
-0.40043132690886996,-0.40043132690886996,-0.8546177005398188
4.078648536005922,4.078648536005922,502.6939961114691
-2.7506227645325723,-2.7506227645325723,505.8146461643172
2.166772759570322,2.166772759570322,15.576662749138368
4.921617697024959,4.921617697024959,246.69347878416679
1.6227990013575857,1.6227990013575857,134.69354843009364
-0.8775010464093986,-0.8775010464093986,0.4594310505389154
4.684714834613335,4.684714834613335,326.50895770294045
3.7865043480272584,3.7865043480272584,586.9320321750141
1.388932379793692,1.388932379793692,223.2721799831002
4.298132493752946,4.298132493752946,355.1656067889529
-2.0463504358183267,-2.0463504358183267,247.1501749670608
2.122832546157067,2.122832546157067,20.67414473121408
3.4096897364389482,3.4096897364389482,38.08349418390968
2.8576783639808028,2.8576783639808028,508.9750737906474
-0.12709200306903234,-0.12709200306903234,-3.6727026362290878
1.5541990971008834,1.5541990971008834,2.5852851692557133
3.355459216379601,3.355459216379601,33.40483219042764
-1.1658195994975573,-1.1658195994975573,450.81109701996024
2.1711699025113615,2.1711699025113615,547.869648997638
4.587241143780508,4.587241143780508,651.460708185836
-1.420984195029117,-1.420984195029117,4.350914543749763
3.8784957962635973,3.8784957962635973,130.8521692381207
0.6642812250112646,0.6642812250112646,-1.6418482962568097
0.05502791962772324,0.05502791962772324,611.013672851472
3.64127386757139,3.64127386757139,136.23324855788934
2.834702213881326,2.834702213881326,379.97639588117613
-1.922268840016871,-1.922268840016871,13.347066858983165
-0.911608998842909,-0.911608998842909,-1.6996523809056125
1.3406149795632007,1.3406149795632007,111.1656291587455
1.8853548466479015,1.8853548466479015,3.59397571836594
-2.147198256816135,-2.147198256816135,15.510881873765511
1.6349498424625546,1.6349498424625546,372.2940603431497
3.013005362813878,3.013005362813878,268.18663139218955
2.4823412421467745,2.4823412421467745,41.63108530062759
-2.9549222346951076,-2.9549222346951076,202.1712674268754
3.8097855936259855,3.8097855936259855,110.38588824649942
-2.8464176578625597,-2.8464176578625597,69.82572823374086
3.3986077688544,3.3986077688544,29.608976123699506
4.9236018951832135,4.9236018951832135,674.8734131192815
-1.6792195581536715,-1.6792195581536715,2.766687246834397
2.2816205062315467,2.2816205062315467,148.1229768951906
0.6856280222001221,0.6856280222001221,115.31071311091847
-1.6037004049015104,-1.6037004049015104,2.0916164612408563
-2.6449141586235667,-2.6449141586235667,126.77306191051633
3.2840796196780326,3.2840796196780326,33.70728331008611
1.277800102084126,1.277800102084126,167.09605455076618
2.226992015849122,2.226992015849122,206.09140041827803
2.6833134127496328,2.6833134127496328,610.706534290073
-2.0498228174358006,-2.0498228174358006,23.360337175057317
-1.1536159828658432,-1.1536159828658432,502.85765368729966
2.0039336915396913,2.0039336915396913,577.953387067168
-0.6388532073557514,-0.6388532073557514,75.3881753025446
2.0345461352554866,2.0345461352554866,114.72692643210505
2.7631213225212647,2.7631213225212647,30.96735661914767
0.6623276340455959,0.6623276340455959,31.833694162350344
1.8819349568127537,1.8819349568127537,176.21632073938187
-2.250035952049201,-2.250035952049201,22.02207889175458
2.6112087270701494,2.6112087270701494,20.76574627534719
-1.3119878069160613,-1.3119878069160613,337.98302306264276
0.28189734563433433,0.28189734563433433,633.834381274374
2.487657844413728,2.487657844413728,392.1368829328413
-0.6856918077756271,-0.6856918077756271,8.614913241862853
3.702602606994951,3.702602606994951,256.64193318341586
3.5928351589609084,3.5928351589609084,83.42403549056206
1.333037672960125,1.333037672960125,60.821580010958066
1.3261947515554358,1.3261947515554358,3.407057456517518
4.325724231243368,4.325724231243368,441.93310207447405
-0.23655416483519787,-0.23655416483519787,281.0518551999573
4.063137193680319,4.063137193680319,200.4364836533177
4.085908151788133,4.085908151788133,344.24773560236747
-1.6593736848876377,-1.6593736848876377,64.59522793019124
1.8471447894854487,1.8471447894854487,337.6722999382532
1.4415444379229951,1.4415444379229951,113.36308281947956
1.3573656945071653,1.3573656945071653,68.54953298599429
0.12816296938127714,0.12816296938127714,-3.4357553056885206
-2.741047638363254,-2.741047638363254,129.3188251792687
-2.420629546557266,-2.420629546557266,33.46182594334223
-1.280942305571819,-1.280942305571819,-0.8376424791190843
-1.1762188855164233,-1.1762188855164233,310.35457001854695
4.160450606732942,4.160450606732942,64.53711897368228
0.9518402675025506,0.9518402675025506,552.202097199223
4.991264379554713,4.991264379554713,356.0193150156184
0.8693070082621182,0.8693070082621182,21.14194655337881
1.8294087062605255,1.8294087062605255,588.9094000242519
3.3871019780227387,3.3871019780227387,98.35260822878466
-0.6532363526615947,-0.6532363526615947,41.320349771831395
0.7014226332660405,0.7014226332660405,0.37900700511080654
3.9209882932905407,3.9209882932905407,118.92575165284245
-2.0331066743926707,-2.0331066743926707,7.060472370568462
4.475033195799135,4.475033195799135,492.13073351843474
4.507834381599666,4.507834381599666,540.1177013851355
4.635947317901581,4.635947317901581,145.55176057471942
4.192664859385387,4.192664859385387,320.4429823057342
-2.0727870795206975,-2.0727870795206975,181.4795573190517
4.082378034168872,4.082378034168872,746.4526740260966
4.001296298579304,4.001296298579304,509.8083094762926
-1.4827942200956024,-1.4827942200956024,305.6059797498252
-1.677040470725598,-1.677040470725598,302.32734311604315
4.058906869125482,4.058906869125482,203.2950764552384
2.021141617911254,2.021141617911254,119.42661352498807
3.3771628411710433,3.3771628411710433,52.26477877150776
1.593642690903451,1.593642690903451,36.495544523881
0.8289178205234276,0.8289178205234276,432.1666201023198
-2.150983871209611,-2.150983871209611,17.26253285477271
-1.4664392391448065,-1.4664392391448065,252.33455301848517
0.34366274721001044,0.34366274721001044,-2.7082807207354205
-2.3717653208351175,-2.3717653208351175,302.3348607420278
2.585109713730448,2.585109713730448,16.034332877729167
0.3375732258565973,0.3375732258565973,-4.616042831080361
0.19699699519730984,0.19699699519730984,4.239589871418827
0.36109798480462185,0.36109798480462185,10.69059881281289
2.6099736666349527,2.6099736666349527,268.690931269433
3.945092109581571,3.945092109581571,81.94062274170184
3.2333253256013466,3.2333253256013466,105.3882075951429
3.1260083965381398,3.1260083965381398,166.03503867340368
-0.42268349150742957,-0.42268349150742957,51.398842199598725
4.044348345082771,4.044348345082771,213.54499172511854
-1.4251079518053915,-1.4251079518053915,401.6677268518887
0.22417921351176862,0.22417921351176862,-2.2801112442289884
3.124689192160967,3.124689192160967,564.160729541127
3.0233603076218847,3.0233603076218847,148.7332477457062
-1.7353860470238818,-1.7353860470238818,506.9554454186585
-1.758293559124466,-1.758293559124466,360.2212896067862
-2.013771071109832,-2.013771071109832,48.252974396710115
-0.5438575753495289,-0.5438575753495289,5.016848568817854
-0.2634585234955722,-0.2634585234955722,20.880326666833163
1.7203048717717166,1.7203048717717166,119.1683988418105
3.546472183387049,3.546472183387049,415.2907079138826
0.6483368020796902,0.6483368020796902,118.99343855733083
2.5721919859189644,2.5721919859189644,765.1922607111769
-0.37931188828557794,-0.37931188828557794,333.5807732565191
1.4013025788294273,1.4013025788294273,26.732430647602936
3.1415530631338466,3.1415530631338466,507.40276370120836
2.6335971996992624,2.6335971996992624,362.5078952897168
-1.697580330990105,-1.697580330990105,15.71067104088172
0.4097604508636463,0.4097604508636463,3.5187455134654684
4.09761575456881,4.09761575456881,397.13840462518687
-0.2869566350503998,-0.2869566350503998,218.5545273686413
-0.21241810625315072,-0.21241810625315072,184.61540451373097
3.1181561378889846,3.1181561378889846,79.31938082303688
-2.614302931653465,-2.614302931653465,144.78834029711004
-0.5647073123248321,-0.5647073123248321,205.81109144073577
2.465050065127535,2.465050065127535,551.6182780686331
0.9572981302575965,0.9572981302575965,589.8288143477736
2.7587242748454157,2.7587242748454157,17.402291116906625
-1.7550382801948832,-1.7550382801948832,14.41463197315196
1.1703737025112453,1.1703737025112453,342.3835852995351
3.482082479153733,3.482082479153733,171.74896995472997
-0.5525620244563383,-0.5525620244563383,431.9196912226225
0.5515493910289022,0.5515493910289022,0.054765742861318065
1.0744763821284957,1.0744763821284957,-0.8940621750415734
1.5284276187321995,1.5284276187321995,623.3191750975008
3.778051832699961,3.778051832699961,245.7666833348422
-1.9424856679581266,-1.9424856679581266,253.06397791344256
1.6528662601418764,1.6528662601418764,194.7200622587839
3.0227607828581577,3.0227607828581577,591.2317783093426
3.247973046730242,3.247973046730242,150.7143096589747
1.9983838072271594,1.9983838072271594,8.271638047450898
4.608606897402793,4.608606897402793,186.8292888683961
-1.3669937721211936,-1.3669937721211936,12.517834801880557
-0.059183658908708026,-0.059183658908708026,82.03902177723097
4.459870680610939,4.459870680610939,316.2819746235992
2.8399565271209557,2.8399565271209557,22.415819813148797
-2.7015330824363355,-2.7015330824363355,341.5246729945484
1.1835424202742049,1.1835424202742049,171.4981473629761
3.9545902974616762,3.9545902974616762,293.80193995474076
1.62242893233251,1.62242893233251,273.3612583542744
0.3151371710828581,0.3151371710828581,23.99583549607311
4.752313290583246,4.752313290583246,582.5058064612035
3.4769342124676914,3.4769342124676914,146.6738255332468
-1.5536420530909814,-1.5536420530909814,3.2647391034464146
0.5350000654800082,0.5350000654800082,36.73734184397233
1.1353577961244108,1.1353577961244108,17.178243052408142
2.2768597438434055,2.2768597438434055,163.85033484078735
0.6153307180673906,0.6153307180673906,13.393805246124892
1.609199243938635,1.609199243938635,6.423082160598684
-0.7285129342325298,-0.7285129342325298,73.29714577636571
4.419689252147615,4.419689252147615,865.5391587321614
-0.34189127234368044,-0.34189127234368044,8.91433486075368
4.2547380282840965,4.2547380282840965,818.0453183184682
2.317079228750626,2.317079228750626,757.9376224319141
-0.5106946446824523,-0.5106946446824523,41.37539941179154
1.9958545973099273,1.9958545973099273,163.42581686049706
4.556432980409856,4.556432980409856,343.30150330320413
1.3366996465514864,1.3366996465514864,4.501980707469762
-2.0444126210941302,-2.0444126210941302,5.921054917919783
4.476977432185527,4.476977432185527,270.10735109987843
-2.5027743275409122,-2.5027743275409122,238.82305535634063
3.228558599583917,3.228558599583917,411.90061422654725
3.099961109862951,3.099961109862951,31.551679647482153
2.707179582642019,2.707179582642019,114.84382184386605
-1.4846513135682127,-1.4846513135682127,349.4937942267951
0.2292327766492166,0.2292327766492166,-3.697213006917887
4.667276087320797,4.667276087320797,901.6150545683756
3.947498336412738,3.947498336412738,212.91567657156043
0.12192630415157435,0.12192630415157435,179.81343373508204
0.25008359079905773,0.25008359079905773,413.5250677871582
4.956094906593317,4.956094906593317,857.2858229056208
4.998986454457427,4.998986454457427,214.4918582812233
-1.6052815947225083,-1.6052815947225083,423.300137719222
-1.7229556097565704,-1.7229556097565704,15.18017217275223
4.142553029533503,4.142553029533503,411.4469353657653
-0.6876227675463609,-0.6876227675463609,374.8177505572546
-1.2728379520426607,-1.2728379520426607,5.057364076017102
4.875206593932888,4.875206593932888,467.58980191035295
0.6000180348303035,0.6000180348303035,192.49299968124075
-2.6125964888578013,-2.6125964888578013,23.46319176186553
2.034411022766416,2.034411022766416,530.1817550233898
0.7121785812165689,0.7121785812165689,-3.0036940204950255
0.758991241241989,0.758991241241989,4.045716379348468
-2.7273279390276883,-2.7273279390276883,51.43841581443763
1.1235495815104075,1.1235495815104075,561.6364507435918
-2.594322135574598,-2.594322135574598,44.61504655371229
-0.5924616168561263,-0.5924616168561263,57.49893108048962
1.2655760516412826,1.2655760516412826,0.20429829994600537
-0.41258067164732903,-0.41258067164732903,278.7689694004979
1.9909071793326705,1.9909071793326705,159.24809205682445
-2.216691816229001,-2.216691816229001,135.909333109205
-0.8967864510544015,-0.8967864510544015,597.3262539182539
1.8780954414389317,1.8780954414389317,417.4696523355896
-2.7854743512274407,-2.7854743512274407,94.80858150369595
-2.0285488948168577,-2.0285488948168577,22.566669207977437
3.9584832688318166,3.9584832688318166,141.75284925592376
2.5171413904850137,2.5171413904850137,476.9685012281232
1.0225877639077456,1.0225877639077456,573.8820616683939
2.656542864897717,2.656542864897717,644.1688173752767
1.4852504992551445,1.4852504992551445,29.263641549900374
3.545046841930559,3.545046841930559,250.70731647990942
3.057162262864825,3.057162262864825,62.13061864549862
0.7278745576433376,0.7278745576433376,63.31394987719384
-1.103923176717423,-1.103923176717423,270.03790922506454
3.591421077329912,3.591421077329912,450.5402096625548
4.984942518652995,4.984942518652995,342.0980643892984
-1.17793338318182,-1.17793338318182,372.66234528619907
0.12223596807402437,0.12223596807402437,-2.147389642506056
3.0686142439253983,3.0686142439253983,300.7117055680289
0.6119756764064137,0.6119756764064137,170.65304844300445
3.9443798902884835,3.9443798902884835,213.18588131953166
2.422304029953642,2.422304029953642,22.878544905207594
0.29749523586451954,0.29749523586451954,50.44384964376884
3.92686652834949,3.92686652834949,361.2369427867524
-0.33610323327849123,-0.33610323327849123,412.95185872149125
2.3787851171647487,2.3787851171647487,11.087835081066862
-0.635077166619233,-0.635077166619233,-1.7466339936373887
4.6449596819944485,4.6449596819944485,67.28602002966235
3.0160642305450587,3.0160642305450587,526.9019787778655
2.7614470796070174,2.7614470796070174,531.1353325764136
1.9445817649231918,1.9445817649231918,460.78361983386907
2.8831491480445584,2.8831491480445584,18.307518674862774
0.18062346499793858,0.18062346499793858,601.5715545327313
4.315934664423603,4.315934664423603,534.8082723706809
-2.735836354415964,-2.735836354415964,19.839389851348272
3.415097851858074,3.415097851858074,281.24980825652784
2.9029655844841686,2.9029655844841686,101.78564862211617
-1.8507119683421571,-1.8507119683421571,6.826506575240313
0.08699491042081231,0.08699491042081231,295.012178768043
-1.1281518056041655,-1.1281518056041655,-0.04814228794907134
-0.9501372693219343,-0.9501372693219343,426.6432675747009
3.6162095735081863,3.6162095735081863,476.70288237774156
2.940014835500338,2.940014835500338,24.008978684352243
4.859904493372274,4.859904493372274,86.25985429936104
-2.528657024095005,-2.528657024095005,405.02775921545236
2.4001505490279076,2.4001505490279076,275.4723211749175
-1.0296885533003186,-1.0296885533003186,588.4382938911516
4.979853164788474,4.979853164788474,182.9421649710907
0.8002595620631112,0.8002595620631112,535.3558555137613
2.4214352217753428,2.4214352217753428,15.932539762217276
-0.42203585443131963,-0.42203585443131963,505.66080384631243
-0.24476448462851774,-0.24476448462851774,-4.718358789307334
4.150976525480422,4.150976525480422,122.51932475497512
-2.133297343399046,-2.133297343399046,22.10613882079476
0.03371923671237198,0.03371923671237198,25.78664571890798
-0.9444037273284938,-0.9444037273284938,124.00561370702435
-2.7533936345239027,-2.7533936345239027,14.452005528914642
-1.4635174989165538,-1.4635174989165538,9.317656046668802
-2.0648785113042036,-2.0648785113042036,128.705674707802
3.7172844541471353,3.7172844541471353,414.7917232214465
2.330335579943571,2.330335579943571,10.302049550284412
4.634137695406549,4.634137695406549,410.2765422588067
3.0436030407316848,3.0436030407316848,88.28322885935854
-1.106948974645225,-1.106948974645225,2.1937857552809032
0.6518941772132587,0.6518941772132587,47.77164926555054
1.0884074426073704,1.0884074426073704,619.9641987516231
-0.5885334425732935,-0.5885334425732935,5.1029238985754395
3.496275621162982,3.496275621162982,463.4171248810588
2.3003648531982437,2.3003648531982437,55.335257979141296
3.2938591012590583,3.2938591012590583,144.86447843481568
-1.4995040332839276,-1.4995040332839276,7.089202360051673
0.5575420795848283,0.5575420795848283,89.84283329029206
-2.624456124618585,-2.624456124618585,85.23987137755658
1.754634106089143,1.754634106089143,7.014832503931728
-0.9764261312412206,-0.9764261312412206,29.46498474864832
1.7000729350725443,1.7000729350725443,129.8815007563557
1.3997973710451124,1.3997973710451124,462.7145259995945
-2.7086751414689374,-2.7086751414689374,15.227106571190317
2.4233044574165,2.4233044574165,689.3090052596718
0.9838393751974905,0.9838393751974905,29.726904424995997
4.331999973238774,4.331999973238774,579.3531329941719
1.440002549518245,1.440002549518245,315.77467417614616
1.0527290933409335,1.0527290933409335,17.420192042554916
2.5484743789687867,2.5484743789687867,159.04707278329914
1.4236886087439364,1.4236886087439364,398.6093115098457
1.3876574994516826,1.3876574994516826,39.90095361339219
3.4235001438236887,3.4235001438236887,281.94268247854234
3.8536588830020255,3.8536588830020255,54.201074206802005
1.1387259659227773,1.1387259659227773,110.0255983570798
1.4467414594409567,1.4467414594409567,241.42304221175462
3.8425424601924014,3.8425424601924014,46.748036223585714
-2.450348223377377,-2.450348223377377,46.48594584141097
4.476888964349119,4.476888964349119,548.8246513465606
2.796490529841633,2.796490529841633,331.7895217879084
4.855325162389701,4.855325162389701,420.52548051431637
-1.7280670934713687,-1.7280670934713687,393.33645002161666
0.466177448657886,0.466177448657886,-4.339208512045602
3.745200172711246,3.745200172711246,212.1708694136151
4.020970737819161,4.020970737819161,50.747456580459556
1.7354731700761148,1.7354731700761148,153.09860331423627
-1.044152728475857,-1.044152728475857,-2.1835012336859694
0.0017749082747489098,0.0017749082747489098,294.7628842269215
0.2808050984223671,0.2808050984223671,-3.677795328677499
2.3677345446854847,2.3677345446854847,349.4718041838102
2.813511632131326,2.813511632131326,556.1214703487794
-2.6094563131516395,-2.6094563131516395,114.07849375001084
-1.4182654138391797,-1.4182654138391797,580.6563730602061
4.255526342626017,4.255526342626017,879.7384026968865
2.544801869661649,2.544801869661649,369.8462838964251
1.6456660383517585,1.6456660383517585,444.9158050074969
-2.9113570424918223,-2.9113570424918223,35.555263383222545
2.9262471347726473,2.9262471347726473,26.84402347765047
-1.4519845476373412,-1.4519845476373412,12.228759825307739
2.124399445206982,2.124399445206982,150.73823058198994
4.393397293975912,4.393397293975912,54.77370240324313
0.4669204180737063,0.4669204180737063,8.456968578626201
-1.123454378232008,-1.123454378232008,5.440650741234638
4.855899594537042,4.855899594537042,238.6084232169156
4.400724415162785,4.400724415162785,491.31327388536243
3.2024116233378193,3.2024116233378193,145.47286777002435
2.0567613411370704,2.0567613411370704,6.498646236817491
-0.25316768772892306,-0.25316768772892306,-2.524707925186963
-1.3431010856070458,-1.3431010856070458,553.2505414086338
0.6479154083266012,0.6479154083266012,5.249152156876854
3.199317563712132,3.199317563712132,31.333229820705913
2.2962494521298265,2.2962494521298265,65.34764717708074
0.3477321719872295,0.3477321719872295,383.89798695006317
-2.759550843899694,-2.759550843899694,53.074571436094566
1.4083655723589317,1.4083655723589317,226.05779397990176
-2.9547715030337987,-2.9547715030337987,108.02939249138991
3.12965000778828,3.12965000778828,557.5061618885921
2.227819361570739,2.227819361570739,531.0216096105601
-0.5420830596307953,-0.5420830596307953,49.626783896266275
-0.7732764747233816,-0.7732764747233816,32.67037041296256
1.6982567844185095,1.6982567844185095,571.5519212027712
-0.48153968736639197,-0.48153968736639197,570.0258641481001
-0.37006699902095175,-0.37006699902095175,293.2937158590418
-1.5815353948429793,-1.5815353948429793,139.7365514200502
-2.728314726836543,-2.728314726836543,115.05450527443656
2.1620004019239802,2.1620004019239802,363.60077703872355
1.1398778767072422,1.1398778767072422,318.02554682102004
2.882955812618209,2.882955812618209,405.49377058807147
4.9567939628879,4.9567939628879,268.3128477517055
-0.43368531204373273,-0.43368531204373273,418.9294637913525
3.47601703449119,3.47601703449119,309.6536144308392
2.99251151537315,2.99251151537315,631.3922239129187
1.4166517436435777,1.4166517436435777,65.13009803797951
-0.7865967458230392,-0.7865967458230392,15.731010136229154
2.3932606878947214,2.3932606878947214,11.029995904275038
2.2717481256591947,2.2717481256591947,86.61062875899165
0.918430513357964,0.918430513357964,19.52500553518563
2.7439352800925745,2.7439352800925745,106.70429654773028
3.7105063115772223,3.7105063115772223,54.719502942286944
-1.3278526587114934,-1.3278526587114934,61.71979820615218
0.5986189394214891,0.5986189394214891,-3.6897229131275404
-0.7442765472151587,-0.7442765472151587,-1.7970568994744205
4.79511177381463,4.79511177381463,89.42463921796153
-2.385245070618171,-2.385245070618171,95.68731529205272
1.8078215758577727,1.8078215758577727,133.8601887991013
1.1817110495646794,1.1817110495646794,100.8641944070216
3.184887927751877,3.184887927751877,732.7987302235609
-0.46133894070135817,-0.46133894070135817,24.992895110051617
-0.3766451927802832,-0.3766451927802832,46.01357004325555
0.37370222147210974,0.37370222147210974,316.3106597467561
0.5583212654362235,0.5583212654362235,551.932642162504
1.2252169259867713,1.2252169259867713,-1.4335483231540178
0.8593884504355547,0.8593884504355547,27.652686282817537
0.6113226773797944,0.6113226773797944,-0.4778210624803551
4.3154037401425125,4.3154037401425125,424.496000442658
4.269726548289808,4.269726548289808,307.4491356093936
1.0818976677689314,1.0818976677689314,60.201375815208564
2.2344272538177803,2.2344272538177803,45.61643023581135
-0.3947899531931034,-0.3947899531931034,247.14735860947536
-1.4248718052760267,-1.4248718052760267,497.64363402693226
0.6812157032461199,0.6812157032461199,137.71479047855172
3.3257830550660623,3.3257830550660623,520.6651648344464
-2.3051796706881396,-2.3051796706881396,8.423451330680924
2.696679658914867,2.696679658914867,75.02972992041235
2.8516709566742273,2.8516709566742273,203.10846100155052
-2.7752749473668024,-2.7752749473668024,166.95075534022982
3.037955904388032,3.037955904388032,190.59439456432156
4.48182040133047,4.48182040133047,808.3745264697781
2.5287097673985732,2.5287097673985732,40.053662949443435
-2.977160495117353,-2.977160495117353,46.774408418086054
0.17982897972445944,0.17982897972445944,-2.9715374820072875
0.1390353890837126,0.1390353890837126,-3.0022773746119893
0.9566692964953347,0.9566692964953347,8.010403821895412
1.5565782265355175,1.5565782265355175,310.86333159656033
-2.439947603283314,-2.439947603283314,167.4153877546801
1.8881300176175264,1.8881300176175264,57.43500378601539
0.7892349621866233,0.7892349621866233,126.53784524364467
3.7022683822362437,3.7022683822362437,231.8808637204739
0.7343676113612387,0.7343676113612387,589.7897156764822
0.3818674154667079,0.3818674154667079,478.9921421785631
1.3416917452272807,1.3416917452272807,31.584832311262574
3.006774133856518,3.006774133856518,89.15979447671214
4.180631527813595,4.180631527813595,164.5392763715573
-2.1605374029915865,-2.1605374029915865,274.0024069343948
0.2498911022787249,0.2498911022787249,201.53373820976154
-0.41922270074303647,-0.41922270074303647,544.820042259934
-0.7956008076572152,-0.7956008076572152,197.20514706160196
4.371518943055837,4.371518943055837,460.3682449115368
0.3526040860697872,0.3526040860697872,141.54126385208193
0.6389256828618626,0.6389256828618626,127.14477946878245
0.0024975187207987304,0.0024975187207987304,34.75507661872376
0.4729500912395892,0.4729500912395892,43.85500413405592
-0.9909073491835887,-0.9909073491835887,21.07408692281143
-0.3098834718877841,-0.3098834718877841,62.58572970751459
3.481806287960132,3.481806287960132,295.7665561515249
0.2138511940117347,0.2138511940117347,24.574581430025297
4.454922944106056,4.454922944106056,88.88958665983176
-2.5681965515012966,-2.5681965515012966,37.18003207793748
-0.0067308109684880435,-0.0067308109684880435,60.203536411359096
-0.510210694327613,-0.510210694327613,78.37386585694483
1.543507733455801,1.543507733455801,105.88914112173373
3.4771667226588567,3.4771667226588567,101.54098559608364
-0.40308884473474027,-0.40308884473474027,-0.05908107733477036
1.9186935716577729,1.9186935716577729,18.101186868618928
1.2344881248119854,1.2344881248119854,658.4913288856209
4.017078831805042,4.017078831805042,137.46933038480645
2.2392253126841313,2.2392253126841313,164.10136101948103
1.629655280765518,1.629655280765518,9.829557815911949
-1.877160513282841,-1.877160513282841,7.470459083615187
1.7329313597682718,1.7329313597682718,73.76764054740451
4.742365851605332,4.742365851605332,404.74250261571933
-1.5560205413260704,-1.5560205413260704,155.79649632346653
-1.9507668085173835,-1.9507668085173835,4.757576163147622
-2.5174755363027144,-2.5174755363027144,60.27033246251778
1.8309042407741334,1.8309042407741334,475.2426722650005
-0.5819031914451989,-0.5819031914451989,8.873924690226344
-2.687866750598812,-2.687866750598812,491.43550690449456
-0.12795641987349526,-0.12795641987349526,3.8617965255609703
-1.9843638944701132,-1.9843638944701132,91.62602337281534
2.7364461982254076,2.7364461982254076,25.332457491996472
-0.7719155537916276,-0.7719155537916276,97.263810169424
-2.4858534735549256,-2.4858534735549256,447.7925027176372
-2.6265771787436822,-2.6265771787436822,124.68402324499334
1.9528736001711247,1.9528736001711247,472.76830572952855
-2.2735701085509845,-2.2735701085509845,8.647244056058534
-0.2626739514017755,-0.2626739514017755,-0.3334602693411808
0.5136583323037778,0.5136583323037778,-2.0791645943890864
-1.0565924193282417,-1.0565924193282417,274.03167731316387
0.7528759807756646,0.7528759807756646,5.353797961472104
2.154858050876297,2.154858050876297,51.45714301669616
-0.6297126473943253,-0.6297126473943253,1.5640012770819833
-1.7437696833651515,-1.7437696833651515,109.85763923692338
0.3134060644966983,0.3134060644966983,28.41196826519969
3.4345792620237976,3.4345792620237976,28.91771072401572
0.517790320272189,0.517790320272189,57.82965326270526
-0.7084019494929086,-0.7084019494929086,-0.7377985799042385
2.6316507122759987,2.6316507122759987,461.35740516832055
3.326451754938261,3.326451754938261,49.44113525902784
0.07657057328048289,0.07657057328048289,52.936374313045135
0.06103862175435282,0.06103862175435282,6.852264781613604
-1.813323113700827,-1.813323113700827,3.6510636879049256
4.379292842069692,4.379292842069692,96.42657710923885
2.2821355196677082,2.2821355196677082,114.03977302928234
-1.9159131614377527,-1.9159131614377527,19.265854883993903
-2.8399503972459046,-2.8399503972459046,17.134352199521807
0.6269000753723777,0.6269000753723777,73.79224631390197
2.630034620273115,2.630034620273115,287.24211467309124
2.850732109676227,2.850732109676227,242.23434764477176
-0.030146922072372462,-0.030146922072372462,202.69622023617248
2.6738504587624536,2.6738504587624536,543.2422823940369
1.109866875380698,1.109866875380698,523.3467183409447
-1.9896247469897776,-1.9896247469897776,187.01615373151108
-2.260202639215401,-2.260202639215401,9.601046720588855
0.030873933211264415,0.030873933211264415,290.46301392549856
-2.5498795663227813,-2.5498795663227813,477.23984635683297
2.9056583708203734,2.9056583708203734,642.0366028240824
-0.3892735825307998,-0.3892735825307998,98.73461458187936
2.820785871466642,2.820785871466642,68.12095598963067
0.5772643958395962,0.5772643958395962,64.18290838083962
1.9257235912034725,1.9257235912034725,48.44581280718319
0.8971538116965316,0.8971538116965316,47.06963888866084
-0.11230970145833918,-0.11230970145833918,422.69201682410545
0.4905329761557429,0.4905329761557429,295.5741722481936
4.4423049149626035,4.4423049149626035,109.07444486000726
-1.0267070109893375,-1.0267070109893375,138.03188558155028
-2.170727553809125,-2.170727553809125,23.420463090704047
0.5189632318989092,0.5189632318989092,376.29829463531513
3.8821013025922495,3.8821013025922495,80.47521525047671
-0.8132852896367542,-0.8132852896367542,-3.288979622868777
-0.8840190104793164,-0.8840190104793164,117.69917067372742
2.8325342722601103,2.8325342722601103,287.27199175340786
4.256087914686863,4.256087914686863,61.843640173905925
1.3792204416582914,1.3792204416582914,123.61852120852313
2.214298964936133,2.214298964936133,292.8779242835918
1.682793741364823,1.682793741364823,4.076014618383685
1.3342210956506868,1.3342210956506868,52.562380141236815
2.030076510420157,2.030076510420157,69.00324205315363
2.5782566584869313,2.5782566584869313,521.8263562904227
-0.19569525913866048,-0.19569525913866048,111.77355845258235
-2.1500958503972347,-2.1500958503972347,8.89747674503462
1.20339327519918,1.20339327519918,17.441852919136934
4.297400165896578,4.297400165896578,350.3242436592917
3.2387225305632583,3.2387225305632583,51.844157745018
3.7331850896341114,3.7331850896341114,158.89733959949112
1.4580699401094694,1.4580699401094694,109.93907865041723
1.4994330650606367,1.4994330650606367,49.95085085772385
-0.8195104081386679,-0.8195104081386679,-1.7427447139431875
-2.235635207434477,-2.235635207434477,11.379426734840493
3.216952824346885,3.216952824346885,456.87212177176957
1.286823743112845,1.286823743112845,598.7003525079753
3.4147920764983137,3.4147920764983137,35.177275988390605
-1.1100279231538979,-1.1100279231538979,4.152364626996364
-2.931613145046331,-2.931613145046331,333.47670762836464
-0.9998923692180268,-0.9998923692180268,270.51332541394527
0.9287570534942597,0.9287570534942597,665.5502995273927
1.1003017399250732,1.1003017399250732,-2.0341846450554306
-1.2744058530339553,-1.2744058530339553,1.8565773529461784
3.3427690859175136,3.3427690859175136,214.33693077610715
4.641798202597448,4.641798202597448,364.1457134118668
-2.068554474531261,-2.068554474531261,139.16824187895398
1.913743379471728,1.913743379471728,61.98389100564816
0.1831477585510486,0.1831477585510486,-4.713632797616651
4.929175205459542,4.929175205459542,132.01770503836138
-1.8028397310278192,-1.8028397310278192,4.831215603784255
4.643257014047455,4.643257014047455,74.43967071770903
-0.24385080463238573,-0.24385080463238573,442.2994090625123
1.9823882926524021,1.9823882926524021,17.099018765262844
-2.877987456216329,-2.877987456216329,21.29342835823321
2.2681244021681852,2.2681244021681852,582.9230455254033
-1.4985549309966677,-1.4985549309966677,218.31523380244414
4.8314359839260765,4.8314359839260765,313.6837194972886
-1.4517758550907987,-1.4517758550907987,488.817786095232
-1.2829753571519147,-1.2829753571519147,40.32929955455094
-1.9256514439989845,-1.9256514439989845,42.905659729762434
-0.137002486015402,-0.137002486015402,-4.518401668867716
1.317579111123555,1.317579111123555,15.577204629751108
1.8370742099620054,1.8370742099620054,133.54957098570523
-1.8055881561081355,-1.8055881561081355,93.69986660720879
2.4137549940069656,2.4137549940069656,298.74987008643996
-0.3250769795020494,-0.3250769795020494,53.570186841938586
3.4313424975667095,3.4313424975667095,36.257634854579095
-2.384303891249589,-2.384303891249589,126.29799240191886
4.524990295878995,4.524990295878995,680.6265880451855
3.0347380803468624,3.0347380803468624,753.2608152270084
1.8446771928280317,1.8446771928280317,725.345646541975
-2.7204985125225214,-2.7204985125225214,15.463341711761148
1.8308221891930998,1.8308221891930998,298.7312993644727
1.8803382725563091,1.8803382725563091,446.66817418193364
-0.16082751722854915,-0.16082751722854915,-1.7251286698419444
-2.0840594227761224,-2.0840594227761224,244.73415863316055
1.569108925031002,1.569108925031002,107.30628397794315
3.014897412598141,3.014897412598141,181.02660223307197
2.5839113254670165,2.5839113254670165,53.05287390920924
2.33530586087758,2.33530586087758,468.2862570580464
-1.318483986303776,-1.318483986303776,3.168856074622966
0.33913473608660905,0.33913473608660905,-4.615733629702508
-2.0967427045214597,-2.0967427045214597,485.86780460063363
3.4526020185636277,3.4526020185636277,686.8653691368514
-2.6063883254485773,-2.6063883254485773,241.6581987002181
-2.619238842917455,-2.619238842917455,12.68900968126753
4.096115287875999,4.096115287875999,598.9047314519346
1.4970206195155527,1.4970206195155527,122.92340269202982
0.0909851408649569,0.0909851408649569,572.3780136890203
4.749581699242925,4.749581699242925,122.57461431850683
-0.8096702974241134,-0.8096702974241134,-0.5811542444134892
1.161439080904529,1.161439080904529,1.0913000414826024
4.715044289753627,4.715044289753627,619.0246476794081
0.19090163633085844,0.19090163633085844,96.26880942166292
-2.5409638753380053,-2.5409638753380053,15.568626759243102
-2.160660089898145,-2.160660089898145,239.6963146251421
-1.1819127803782177,-1.1819127803782177,222.2733637577213
-0.4133351378283763,-0.4133351378283763,20.99758365458598
3.5516129569040693,3.5516129569040693,815.6533761367011
3.6402783478246397,3.6402783478246397,93.43454535630879
-2.911310627810024,-2.911310627810024,87.071326866874
3.1283210906878116,3.1283210906878116,839.7641450317262
-1.5707703633292205,-1.5707703633292205,3.4071834885405097
0.2272997180902676,0.2272997180902676,294.5347812932359
-0.5645336343925189,-0.5645336343925189,108.38817087337421
2.19041711297057,2.19041711297057,24.096234653194553
-0.45190418472540195,-0.45190418472540195,16.186128432989715
2.805193537428755,2.805193537428755,356.4221038992201
4.287389027181593,4.287389027181593,139.83381226264282
-1.4055020078564349,-1.4055020078564349,53.40629228343398
4.043230752247419,4.043230752247419,59.66598930089758
1.5975429784705124,1.5975429784705124,539.8825002241801
-2.8700145991496164,-2.8700145991496164,43.41601585211409
0.8160151489907017,0.8160151489907017,61.44795971123134
1.3327143304170983,1.3327143304170983,164.75170849039733
2.720946744425051,2.720946744425051,53.145117956493756
4.880775253329437,4.880775253329437,276.5939676839772
4.97776759986227,4.97776759986227,985.3136311293981
2.3535438889495035,2.3535438889495035,339.7912698644533
-1.4750398968724898,-1.4750398968724898,193.23917657359198
-0.4272250871769314,-0.4272250871769314,3.7421209311791026
1.958127985633399,1.958127985633399,39.71013508918437
2.255281235422231,2.255281235422231,8.75511977582924
-0.9363245418897872,-0.9363245418897872,289.2255692081761
-1.0893029947104678,-1.0893029947104678,358.1030249635269
4.632723745101953,4.632723745101953,951.7789624316258
4.5809778702591135,4.5809778702591135,655.4838432962647
0.43698125259191833,0.43698125259191833,12.583053099584937
0.0754562111329733,0.0754562111329733,-3.0071586922395097
-0.5858676389969846,-0.5858676389969846,28.948339184708054
0.26248978095310793,0.26248978095310793,197.9545977632777
4.6580509262444165,4.6580509262444165,371.05087440359057
3.591942230364894,3.591942230364894,161.43752173099318
2.080671774028109,2.080671774028109,386.01499619135467
-1.6039385847854222,-1.6039385847854222,64.41542402576309
1.6305922768412868,1.6305922768412868,346.4242804727921
4.703170872106144,4.703170872106144,738.0415573263276
4.174815635874971,4.174815635874971,175.69346960695609
-1.0315996948886763,-1.0315996948886763,20.37945048613803
-2.4844747823982996,-2.4844747823982996,194.11282255619983
-2.051831329265318,-2.051831329265318,27.323225616320233
-0.03742103617855097,-0.03742103617855097,88.04548377926086
-2.9772110087932715,-2.9772110087932715,180.00698172871898
0.07531851974868253,0.07531851974868253,353.1047313634415
4.964549454994963,4.964549454994963,789.2307163656717
2.208066960646158,2.208066960646158,7.062196214218787
4.25277513602851,4.25277513602851,672.6012108229876
-2.660014129094529,-2.660014129094529,95.96033079421923
1.725112229718639,1.725112229718639,393.61770516686914
1.292942435007416,1.292942435007416,223.9422924976117
0.6276985185744426,0.6276985185744426,73.31717201267486
1.7522057893917689,1.7522057893917689,639.0338342571386
3.27667898294702,3.27667898294702,472.84761522330115
-0.3293493520213646,-0.3293493520213646,465.9703391875998
-0.010817724094006387,-0.010817724094006387,272.1393298075686
-1.502414077734847,-1.502414077734847,11.552507550101282
-2.902408751121885,-2.902408751121885,150.56553603738783
2.8032670973525056,2.8032670973525056,113.9041111177535
1.195358032499696,1.195358032499696,59.05826472103322
-0.08224171432743788,-0.08224171432743788,119.18531700009952
4.60263952165753,4.60263952165753,435.3446093216449
2.1875979455373624,2.1875979455373624,55.741903993934464
0.7144293417604244,0.7144293417604244,452.2396679453076
4.49080846042174,4.49080846042174,521.6122898640328
4.359275787957749,4.359275787957749,89.26627585202087
1.7308435369654296,1.7308435369654296,347.4236172926636
1.542176004815139,1.542176004815139,6.257110623063694
0.8637876618794227,0.8637876618794227,39.564853199119696
2.3992184599694744,2.3992184599694744,287.02163825311465
0.868241530154676,0.868241530154676,3.359404409635093
4.861855585192364,4.861855585192364,706.4286372234646
-1.3813707925682976,-1.3813707925682976,554.217674354041
1.588215896379399,1.588215896379399,232.57801317609784
-1.8145186360566115,-1.8145186360566115,159.7555131762186
1.0529474807606123,1.0529474807606123,87.67494794611918
3.2297074906890417,3.2297074906890417,70.2053818650671
-1.994954871221175,-1.994954871221175,8.014128434523059
2.394627995406192,2.394627995406192,12.342136840563397
4.154440265680476,4.154440265680476,636.0187343616452
2.1869910474922385,2.1869910474922385,12.88005819312608
2.8136517119689994,2.8136517119689994,115.74878751232076
2.835342327707468,2.835342327707468,234.62955182293263
1.089346506520938,1.089346506520938,588.075443334834
-1.4240761316354629,-1.4240761316354629,496.8331781609737
-1.5566424543106425,-1.5566424543106425,398.4148690015508
4.428841803504264,4.428841803504264,829.3016473334849
3.4486416172579926,3.4486416172579926,319.2361618953557
0.6089795648830512,0.6089795648830512,29.436799782142117
-2.192613162787728,-2.192613162787728,17.551956808581732
1.63451504324419,1.63451504324419,202.491208042347
4.3266216120418,4.3266216120418,348.90821876351356
-2.2781613545772563,-2.2781613545772563,114.06493087925449
-2.5125870325424495,-2.5125870325424495,343.1970052735497
4.851070990571942,4.851070990571942,856.4876673349606
1.4616902524839253,1.4616902524839253,557.2598378972982
-0.07366605686780492,-0.07366605686780492,80.00315776514313
3.6432780278131682,3.6432780278131682,167.6738574083107
4.642378856929448,4.642378856929448,767.8822545937729
3.3466768463110315,3.3466768463110315,600.9651338919665
-2.1330509517899223,-2.1330509517899223,313.6251618928514
3.4284032410828145,3.4284032410828145,566.9170017605298
-0.9483471572724227,-0.9483471572724227,-2.1167008802019645
2.302590457033027,2.302590457033027,124.59743770226645
2.566480616459474,2.566480616459474,39.02900974662714
1.8908287544308866,1.8908287544308866,8.134754033440181
3.4345141244442496,3.4345141244442496,116.64483743282617
4.214946078024219,4.214946078024219,175.01586858666522
4.188708329817479,4.188708329817479,314.97364607981604
3.7673262229082454,3.7673262229082454,526.1488984135382
1.2494637005276674,1.2494637005276674,222.76981775175855
1.7321556220184409,1.7321556220184409,90.04575751188564
-1.4623870160734018,-1.4623870160734018,10.30327546741504
2.439884981646692,2.439884981646692,586.5404462509846
2.4625492693578686,2.4625492693578686,486.89037753511695
4.278796317941868,4.278796317941868,145.66554320206603
2.232382849932276,2.232382849932276,45.23136563287767
4.625911653928503,4.625911653928503,71.69738729754073
2.2166519803133733,2.2166519803133733,597.8660025103914
-2.996117207742424,-2.996117207742424,423.6370877577024
2.0411606750957194,2.0411606750957194,192.47986657684606
1.962822234902318,1.962822234902318,326.50580895611876
0.3525849860886474,0.3525849860886474,363.90868430695434
2.875932751962676,2.875932751962676,363.56575214647467
3.3705425822110255,3.3705425822110255,703.8631125200528
0.29241814142178946,0.29241814142178946,475.895538713385
-1.490864792209969,-1.490864792209969,327.01757012378584
-0.5184289677482976,-0.5184289677482976,321.7477996658355
3.244091771763805,3.244091771763805,63.60534794935971
1.486233583250459,1.486233583250459,572.3170619564789
-2.0381842608579035,-2.0381842608579035,547.0132789627892
4.487446003360521,4.487446003360521,169.42878185587998
4.946033968483254,4.946033968483254,898.0983215653581
2.8998373561694315,2.8998373561694315,353.51178332805813
4.800957284127354,4.800957284127354,317.742932873686
4.036792639218497,4.036792639218497,172.75748322861196
2.1236464262302004,2.1236464262302004,714.25413828682
-2.598406167507094,-2.598406167507094,227.49574979514477
-2.7230932288109067,-2.7230932288109067,435.8472042565325
-0.3063852816884092,-0.3063852816884092,-4.422456386192221
0.35938431233302204,0.35938431233302204,-3.5306365516399865
3.379026438973212,3.379026438973212,337.7921642493501
1.3847530455698642,1.3847530455698642,-0.4759608839354511
1.1962407655894456,1.1962407655894456,41.12034839102998
3.1922669202523037,3.1922669202523037,253.09747414196886
3.212318698059815,3.212318698059815,118.27966947814166
1.8200471194034167,1.8200471194034167,3.629481781730721
2.601687261634357,2.601687261634357,13.851066282749159
3.177433949615935,3.177433949615935,241.34549336064225
-2.9259805215945303,-2.9259805215945303,407.3896771080231
-1.4864550349090564,-1.4864550349090564,59.48447383794545
-1.8975897108416389,-1.8975897108416389,107.06915366096587
4.424428553211662,4.424428553211662,482.72384766628164
1.409517877355431,1.409517877355431,315.06984572597383
2.339252579714741,2.339252579714741,492.8926989030498
0.7152063309630892,0.7152063309630892,21.88368568399645
-2.147090755860826,-2.147090755860826,25.872004779868117
-0.3307574677168388,-0.3307574677168388,583.4102376685229
3.3758974100341996,3.3758974100341996,34.39531968960094
-2.3811444432884645,-2.3811444432884645,323.9942824554508
1.6158167520871798,1.6158167520871798,24.52741500577085
0.3529288415435756,0.3529288415435756,122.64661355688685
4.458320834543605,4.458320834543605,721.6760036468937
3.9313158276616633,3.9313158276616633,232.1643413336385
-1.2865990308511686,-1.2865990308511686,161.3498620834655
0.8117716123027199,0.8117716123027199,325.3519360707103
-1.8871729455366788,-1.8871729455366788,6.628356962594844
1.380253137593476,1.380253137593476,632.8602570131299
-1.274328224713325,-1.274328224713325,402.54547608662034
3.187448545187289,3.187448545187289,699.3097708243779
2.391077183206683,2.391077183206683,31.638993303718795
0.4943492338717217,0.4943492338717217,-4.109319543488845
4.199203330468697,4.199203330468697,51.97670351558788
-1.9369565640794306,-1.9369565640794306,510.8642403383447
-2.0847856142495136,-2.0847856142495136,182.25668780013643
4.2928519491856285,4.2928519491856285,442.6401306593412
1.4908287951367827,1.4908287951367827,390.0664241349572
0.3385748012961356,0.3385748012961356,88.69579107735049
-1.628650247395826,-1.628650247395826,56.087764636137344
0.14138568937751828,0.14138568937751828,-4.935834396989829
2.785349627563943,2.785349627563943,288.14085357416525
2.4550314167815523,2.4550314167815523,438.2652059969402
-0.10401920968620004,-0.10401920968620004,378.9080345980268
-2.573809088652557,-2.573809088652557,237.03387722234586
3.0856221932864507,3.0856221932864507,30.678011730102426
-0.22663502983336503,-0.22663502983336503,46.93921073521397
-1.6740960910710658,-1.6740960910710658,19.551412697539973
4.618680397989468,4.618680397989468,321.05168822148113
-2.8517184500016413,-2.8517184500016413,463.63537105718234
-0.6661507538728397,-0.6661507538728397,2.042263158959625
3.8958905572226543,3.8958905572226543,68.27673611205313
1.4586633653193326,1.4586633653193326,381.00100743262493
0.8608238072062653,0.8608238072062653,123.42893106186858
1.054393580403687,1.054393580403687,77.61072565337219
-1.120000382905106,-1.120000382905106,197.58012622713724
-1.742142641891209,-1.742142641891209,119.08767799722759
1.5755110596824595,1.5755110596824595,601.7033014704981
-1.956753807413798,-1.956753807413798,209.423268742801
2.008134936013956,2.008134936013956,10.15733442232541
3.567933330549663,3.567933330549663,111.06107562423294
0.8867387379435403,0.8867387379435403,572.7274579387499
0.17250236846539746,0.17250236846539746,534.0428297678101
-2.723133605186219,-2.723133605186219,348.36689369244925
0.12445988577707379,0.12445988577707379,424.5619650444852
-2.997550747377713,-2.997550747377713,85.43640265713952
-1.0334409477470956,-1.0334409477470956,10.146799133663606
-2.185769589994072,-2.185769589994072,71.79939825995875
0.7338931760374336,0.7338931760374336,226.12115146158948
0.47164621513124505,0.47164621513124505,-3.9112388455304683
4.031062302041488,4.031062302041488,322.36942112570335
-1.7080911968291632,-1.7080911968291632,18.723035097392906
-0.2382853263127851,-0.2382853263127851,307.3590051902675
-0.6595177995794907,-0.6595177995794907,26.461867300473635
3.001023209015071,3.001023209015071,274.9665431385753
4.855542095169804,4.855542095169804,119.94696729310165
4.4109954448556845,4.4109954448556845,421.4272175694363
-0.8261296404506782,-0.8261296404506782,31.350332514533914
3.6913497896864493,3.6913497896864493,357.90955051508763
4.253814407136026,4.253814407136026,307.11123069340647
4.104420402434102,4.104420402434102,545.2094052808397
2.671955736846475,2.671955736846475,96.03020694871141
4.802732755024298,4.802732755024298,223.84194609309185
4.789410626614207,4.789410626614207,591.1671688107676
-2.3820702992897447,-2.3820702992897447,403.1346702536864
0.5260977388473629,0.5260977388473629,138.9329147001933
-0.20240692326785314,-0.20240692326785314,108.73316904427176
3.6737737910159325,3.6737737910159325,682.607671684197
1.7252482511245413,1.7252482511245413,403.43915364691077
4.678437007287221,4.678437007287221,819.506208793665
2.4752980098812474,2.4752980098812474,430.3260577468946
-2.5924613191485664,-2.5924613191485664,74.2442471735082
-0.05677762139218512,-0.05677762139218512,168.0728950724217
2.1838840951004492,2.1838840951004492,30.01169392672344
4.275005141754074,4.275005141754074,868.3544460025805
4.541791092235334,4.541791092235334,66.4418192654851
4.102938677526083,4.102938677526083,279.27034850677416
4.197311318069597,4.197311318069597,314.3305188872775
1.1704069073736445,1.1704069073736445,513.3744339171069
0.9378521265662076,0.9378521265662076,110.86672253400917
4.291775284699341,4.291775284699341,566.1329687064065
0.8951066104772067,0.8951066104772067,-2.4979138942496895
2.630199003260559,2.630199003260559,33.64289191569594
4.25304725814638,4.25304725814638,55.23338503317555
-0.893437338805918,-0.893437338805918,-2.6907222256375625
-0.14203451910167608,-0.14203451910167608,45.900404897517085
2.489579273295658,2.489579273295658,60.79631378847465
3.010689212547919,3.010689212547919,225.82280030155036
1.942390878894253,1.942390878894253,6.267304453028239
-2.3888829245762313,-2.3888829245762313,27.294456150602073
3.2947466626075883,3.2947466626075883,40.07177631911993
-0.8208652048864433,-0.8208652048864433,292.2717746432621
0.3348373324954874,0.3348373324954874,-4.2125616619053625
-1.745929362715728,-1.745929362715728,256.7601749978242
-2.088735891007154,-2.088735891007154,8.636732708270706
-2.5142596479246935,-2.5142596479246935,163.37646011663236
-1.7721339842873967,-1.7721339842873967,19.47256944514734
2.7318891499618756,2.7318891499618756,76.10969535402252
4.985728295676118,4.985728295676118,651.2099907902915
2.167387266791941,2.167387266791941,32.53767840150438
3.138000810573695,3.138000810573695,25.366821486617383
-2.927147326055308,-2.927147326055308,146.14634497641026
-0.7861909193708669,-0.7861909193708669,134.2984622873749
4.672811858379399,4.672811858379399,487.13542253457683
-1.0199673753028318,-1.0199673753028318,13.83294219826838
-0.4535453798324074,-0.4535453798324074,206.5092786260709
-1.5301530517517072,-1.5301530517517072,464.0906655708567
-0.9948227692745126,-0.9948227692745126,1.888430683561029
-0.7696848683791453,-0.7696848683791453,377.7486483113058
1.1319453342892647,1.1319453342892647,-1.1460591202550232
1.660877235122089,1.660877235122089,169.7518223320321
0.7455498749037792,0.7455498749037792,272.74230692434696
4.872202939843129,4.872202939843129,975.8524497529589
2.096528944196903,2.096528944196903,489.4214586396082
2.053605868847036,2.053605868847036,7.908360043952396
4.6926179540394175,4.6926179540394175,828.4157560965168
2.260810848033384,2.260810848033384,666.3870047453314
1.9743789183121123,1.9743789183121123,28.956983300617413
3.5191811877758656,3.5191811877758656,34.20097061425897
3.4178316629999825,3.4178316629999825,74.63756313412098
-2.114924226244855,-2.114924226244855,192.56565778493587
-0.004227783303091037,-0.004227783303091037,464.3078717553834
-2.3345180040717386,-2.3345180040717386,522.0732684074584
4.092011252743338,4.092011252743338,306.6221465428464
-2.097954641365315,-2.097954641365315,314.7576729289228
3.8988212168084466,3.8988212168084466,377.9260808472145
1.2661330448962138,1.2661330448962138,135.92223851545512
-1.905274273253089,-1.905274273253089,5.576139840253381
-0.9498956717410225,-0.9498956717410225,9.045890067823752
0.8674348110822123,0.8674348110822123,24.023057961030332
-0.7511971178403138,-0.7511971178403138,432.99908681131984
1.4891852344253236,1.4891852344253236,389.0130285978312
1.4562931717819803,1.4562931717819803,706.2320981403763
4.608724367611862,4.608724367611862,669.8316439660167
-2.0298088099990164,-2.0298088099990164,83.77153809187331
3.543322485473464,3.543322485473464,704.8876528769334
-2.1340052054638052,-2.1340052054638052,27.63292008120229
2.729825181964501,2.729825181964501,156.37474523309177
2.4502807298854004,2.4502807298854004,11.023482095357625
0.11207327691877911,0.11207327691877911,52.92820405556667
0.48587744278569733,0.48587744278569733,307.03392910529556
1.3922331565380333,1.3922331565380333,272.82187080681024
4.349311278699667,4.349311278699667,102.00712112323085
2.467268297358604,2.467268297358604,792.414182519426
3.3314144580756313,3.3314144580756313,336.77828495720405
2.942546711760576,2.942546711760576,221.6751996751088
2.9943924636989667,2.9943924636989667,147.4465369340334
2.3517199019962938,2.3517199019962938,64.13991710524954
-1.9463169902249877,-1.9463169902249877,5.864708045083191
2.555611495643321,2.555611495643321,106.33979484660789
-2.4162652307930976,-2.4162652307930976,11.777291912366614
0.1106317847236129,0.1106317847236129,35.13466380271636
1.117310039105349,1.117310039105349,464.06051147529286
-0.9806225872577681,-0.9806225872577681,-2.2704893269165574
-0.9584598470800367,-0.9584598470800367,234.2891956493891
-0.30025253137664976,-0.30025253137664976,-3.3845153891141533
-1.1045864483910162,-1.1045864483910162,178.9361896449367
-1.4499989934158721,-1.4499989934158721,565.3423317028568
0.6593263604899375,0.6593263604899375,105.48477567825455
-1.3809381053041543,-1.3809381053041543,329.8214676065028
2.299622414782122,2.299622414782122,77.33338134095882
-2.7441477831526644,-2.7441477831526644,29.71525731345026
-2.44003045260843,-2.44003045260843,157.32263594004377
1.1668107152291496,1.1668107152291496,106.67532871386403
3.8131316435735814,3.8131316435735814,101.44405300675525
4.374914827398718,4.374914827398718,338.10738681709796
4.822663771416179,4.822663771416179,385.06984290756253
1.2330894198144184,1.2330894198144184,503.8029526401583
-1.9120074563872533,-1.9120074563872533,126.04289182815684
-0.25285618722443726,-0.25285618722443726,67.46246298662908
4.392903709192528,4.392903709192528,71.82635246388293
3.0883321224947693,3.0883321224947693,594.8716014478182
2.2202076550344927,2.2202076550344927,25.948226742373826
1.4732624431141792,1.4732624431141792,137.30384731203247
1.766711346302797,1.766711346302797,504.23484363031463
0.04618160259979298,0.04618160259979298,16.32926616764532
3.290813633246633,3.290813633246633,285.67859095482794
-2.3784547003366665,-2.3784547003366665,177.93319979000321
2.457687912482098,2.457687912482098,18.714852438423286
-0.9645970192811593,-0.9645970192811593,1.3009190353445947
-0.2569920450843899,-0.2569920450843899,370.39759942362
3.56835878242355,3.56835878242355,34.921855395023684
4.587960035659396,4.587960035659396,762.7522437420043
0.8716142755506473,0.8716142755506473,59.95169897202209
4.618956349966082,4.618956349966082,90.04982241031128
-0.8430653269684063,-0.8430653269684063,278.4358523963391
-2.288441008000423,-2.288441008000423,302.1743221393495
0.20596718696488026,0.20596718696488026,278.8094389924551
-1.7483011353072717,-1.7483011353072717,518.7246689931745
3.6109364635510737,3.6109364635510737,511.12466495221963
3.904559661261219,3.904559661261219,238.65157586647442
-1.9371424538484003,-1.9371424538484003,5.322992553217286
-0.4662902936501583,-0.4662902936501583,126.86844987888706
-2.6740719169727063,-2.6740719169727063,289.47359715153874
0.404531278574062,0.404531278574062,22.45051420907743
-1.9476977272590963,-1.9476977272590963,104.74827690860603
1.3271772011716942,1.3271772011716942,1.6363912311874453
0.13071040568931025,0.13071040568931025,618.4446303810328
2.437342647600361,2.437342647600361,40.3477726832178
-0.09257871753077751,-0.09257871753077751,-3.3244737562766704
2.468340289436811,2.468340289436811,105.10497668004174
4.208126994646171,4.208126994646171,437.959304719585
-0.34926615359049684,-0.34926615359049684,180.4762678680437
3.9581702226745934,3.9581702226745934,394.47710808168296
-1.0012178424812532,-1.0012178424812532,71.90205679157492
